Date,open,high,low,close,volume,adj close
2024-05-24 00:00:00,10.234,10.342,10.201,10.238,136035.18,1716509699999.0
2024-05-24 00:15:00,10.237,10.264,10.205,10.229,39778.1,1716510599999.0
2024-05-24 00:30:00,10.229,10.291,10.222,10.265,30801.89,1716511499999.0
2024-05-24 00:45:00,10.265,10.293,10.243,10.273,45102.33,1716512399999.0
2024-05-24 01:00:00,10.272,10.272,10.192,10.239,48385.04,1716513299999.0
2024-05-24 01:15:00,10.24,10.258,10.22,10.252,37207.67,1716514199999.0
2024-05-24 01:30:00,10.253,10.305,10.247,10.287,34463.06,1716515099999.0
2024-05-24 01:45:00,10.287,10.316,10.255,10.256,32994.7,1716515999999.0
2024-05-24 02:00:00,10.256,10.286,10.251,10.268,23921.85,1716516899999.0
2024-05-24 02:15:00,10.265,10.319,10.229,10.244,75438.56,1716517799999.0
2024-05-24 02:30:00,10.244,10.256,10.213,10.215,22584.91,1716518699999.0
2024-05-24 02:45:00,10.217,10.292,10.217,10.259,50409.35,1716519599999.0
2024-05-24 03:00:00,10.259,10.269,10.209,10.268,25113.77,1716520499999.0
2024-05-24 03:15:00,10.267,10.271,10.224,10.241,21327.43,1716521399999.0
2024-05-24 03:30:00,10.24,10.242,10.212,10.221,37218.99,1716522299999.0
2024-05-24 03:45:00,10.221,10.242,10.211,10.222,24396.79,1716523199999.0
2024-05-24 04:00:00,10.222,10.25,10.215,10.242,23022.58,1716524099999.0
2024-05-24 04:15:00,10.241,10.243,10.193,10.198,25969.84,1716524999999.0
2024-05-24 04:30:00,10.196,10.215,10.167,10.188,25387.34,1716525899999.0
2024-05-24 04:45:00,10.187,10.191,10.108,10.115,89120.15,1716526799999.0
2024-05-24 05:00:00,10.113,10.114,10.073,10.114,44949.41,1716527699999.0
2024-05-24 05:15:00,10.115,10.121,10.053,10.099,50920.22,1716528599999.0
2024-05-24 05:30:00,10.104,10.104,9.984,10.002,85518.53,1716529499999.0
2024-05-24 05:45:00,10.002,10.071,10.0,10.011,68811.97,1716530399999.0
2024-05-24 06:00:00,10.01,10.09,9.988,10.089,69458.31,1716531299999.0
2024-05-24 06:15:00,10.09,10.09,9.952,9.971,62088.15,1716532199999.0
2024-05-24 06:30:00,9.972,9.991,9.904,9.926,106806.2,1716533099999.0
2024-05-24 06:45:00,9.926,9.948,9.88,9.887,108277.45,1716533999999.0
2024-05-24 07:00:00,9.886,9.917,9.828,9.916,108384.07,1716534899999.0
2024-05-24 07:15:00,9.916,9.97,9.909,9.96,55583.32,1716535799999.0
2024-05-24 07:30:00,9.962,9.966,9.91,9.912,46785.46,1716536699999.0
2024-05-24 07:45:00,9.91,9.969,9.908,9.952,33901.09,1716537599999.0
2024-05-24 08:00:00,9.95,9.979,9.873,9.88,44204.89,1716538499999.0
2024-05-24 08:15:00,9.881,9.883,9.75,9.791,175794.37,1716539399999.0
2024-05-24 08:30:00,9.791,9.927,9.788,9.917,62256.47,1716540299999.0
2024-05-24 08:45:00,9.916,9.951,9.88,9.941,75321.16,1716541199999.0
2024-05-24 09:00:00,9.942,9.975,9.929,9.956,44967.29,1716542099999.0
2024-05-24 09:15:00,9.955,9.975,9.891,9.913,40981.69,1716542999999.0
2024-05-24 09:30:00,9.914,9.973,9.884,9.962,86851.59,1716543899999.0
2024-05-24 09:45:00,9.961,10.027,9.943,10.023,46294.45,1716544799999.0
2024-05-24 10:00:00,10.023,10.065,9.981,9.996,50268.9,1716545699999.0
2024-05-24 10:15:00,9.995,10.054,9.987,10.053,41750.16,1716546599999.0
2024-05-24 10:30:00,10.051,10.144,10.035,10.131,143206.84,1716547499999.0
2024-05-24 10:45:00,10.132,10.17,10.098,10.107,172603.61,1716548399999.0
2024-05-24 11:00:00,10.106,10.137,10.077,10.111,72168.81,1716549299999.0
2024-05-24 11:15:00,10.111,10.13,10.097,10.121,30789.66,1716550199999.0
2024-05-24 11:30:00,10.12,10.12,10.088,10.1,27685.5,1716551099999.0
2024-05-24 11:45:00,10.1,10.175,10.1,10.13,51158.98,1716551999999.0
2024-05-24 12:00:00,10.129,10.13,10.086,10.124,29283.39,1716552899999.0
2024-05-24 12:15:00,10.127,10.14,10.085,10.09,43955.39,1716553799999.0
2024-05-24 12:30:00,10.085,10.106,10.059,10.074,30106.54,1716554699999.0
2024-05-24 12:45:00,10.073,10.114,10.059,10.1,38970.87,1716555599999.0
2024-05-24 13:00:00,10.1,10.101,10.037,10.049,53772.47,1716556499999.0
2024-05-24 13:15:00,10.051,10.093,10.036,10.063,43955.26,1716557399999.0
2024-05-24 13:30:00,10.061,10.064,10.002,10.056,55975.47,1716558299999.0
2024-05-24 13:45:00,10.057,10.073,9.953,9.982,60869.71,1716559199999.0
2024-05-24 14:00:00,9.982,10.041,9.973,10.029,67779.41,1716560099999.0
2024-05-24 14:15:00,10.029,10.131,10.02,10.094,58962.16,1716560999999.0
2024-05-24 14:30:00,10.095,10.153,10.069,10.125,103046.91,1716561899999.0
2024-05-24 14:45:00,10.125,10.145,10.091,10.108,58289.57,1716562799999.0
2024-05-24 15:00:00,10.108,10.198,10.095,10.156,86848.4,1716563699999.0
2024-05-24 15:15:00,10.157,10.2,10.104,10.108,109018.68,1716564599999.0
2024-05-24 15:30:00,10.109,10.139,10.065,10.068,85258.28,1716565499999.0
2024-05-24 15:45:00,10.068,10.081,10.007,10.068,101329.35,1716566399999.0
2024-05-24 16:00:00,10.068,10.068,10.005,10.009,56174.66,1716567299999.0
2024-05-24 16:15:00,10.01,10.03,9.97,10.008,41800.47,1716568199999.0
2024-05-24 16:30:00,10.009,10.03,9.999,10.015,29947.14,1716569099999.0
2024-05-24 16:45:00,10.009,10.053,10.004,10.036,27365.05,1716569999999.0
2024-05-24 17:00:00,10.035,10.101,10.03,10.046,98099.32,1716570899999.0
2024-05-24 17:15:00,10.046,10.075,10.008,10.02,62889.08,1716571799999.0
2024-05-24 17:30:00,10.02,10.083,10.016,10.053,45856.6,1716572699999.0
2024-05-24 17:45:00,10.054,10.094,10.044,10.089,31722.23,1716573599999.0
2024-05-24 18:00:00,10.088,10.162,10.069,10.144,95540.96,1716574499999.0
2024-05-24 18:15:00,10.143,10.174,10.115,10.119,51365.62,1716575399999.0
2024-05-24 18:30:00,10.117,10.143,10.09,10.114,58492.93,1716576299999.0
2024-05-24 18:45:00,10.113,10.127,10.092,10.113,17884.93,1716577199999.0
2024-05-24 19:00:00,10.112,10.121,10.078,10.095,27689.9,1716578099999.0
2024-05-24 19:15:00,10.096,10.133,10.095,10.106,13901.6,1716578999999.0
2024-05-24 19:30:00,10.105,10.128,10.085,10.109,15360.56,1716579899999.0
2024-05-24 19:45:00,10.109,10.131,10.106,10.129,22673.84,1716580799999.0
2024-05-24 20:00:00,10.124,10.156,10.121,10.144,96548.95,1716581699999.0
2024-05-24 20:15:00,10.144,10.151,10.124,10.13,55000.52,1716582599999.0
2024-05-24 20:30:00,10.127,10.178,10.094,10.152,121320.09,1716583499999.0
2024-05-24 20:45:00,10.152,10.162,10.124,10.147,28595.41,1716584399999.0
2024-05-24 21:00:00,10.146,10.162,10.098,10.099,24212.72,1716585299999.0
2024-05-24 21:15:00,10.099,10.158,10.097,10.11,65371.01,1716586199999.0
2024-05-24 21:30:00,10.11,10.15,10.107,10.135,19030.17,1716587099999.0
2024-05-24 21:45:00,10.136,10.136,10.109,10.115,12564.3,1716587999999.0
2024-05-24 22:00:00,10.118,10.123,10.072,10.094,52485.47,1716588899999.0
2024-05-24 22:15:00,10.094,10.094,10.0,10.07,117989.15,1716589799999.0
2024-05-24 22:30:00,10.071,10.104,10.07,10.102,16788.69,1716590699999.0
2024-05-24 22:45:00,10.102,10.102,10.069,10.079,16061.84,1716591599999.0
2024-05-24 23:00:00,10.077,10.088,10.055,10.084,19960.18,1716592499999.0
2024-05-24 23:15:00,10.084,10.088,10.074,10.081,12334.13,1716593399999.0
2024-05-24 23:30:00,10.081,10.113,10.069,10.1,31367.96,1716594299999.0
2024-05-24 23:45:00,10.1,10.134,10.096,10.11,15637.61,1716595199999.0
2024-05-25 00:00:00,10.11,10.111,10.063,10.072,25040.12,1716596099999.0
2024-05-25 00:15:00,10.071,10.088,10.053,10.088,17428.1,1716596999999.0
2024-05-25 00:30:00,10.087,10.09,10.064,10.084,28336.88,1716597899999.0
2024-05-25 00:45:00,10.082,10.092,10.049,10.05,16080.6,1716598799999.0
2024-05-25 01:00:00,10.049,10.088,10.04,10.085,29970.12,1716599699999.0
2024-05-25 01:15:00,10.088,10.135,10.084,10.123,27644.23,1716600599999.0
2024-05-25 01:30:00,10.124,10.157,10.109,10.133,79430.09,1716601499999.0
2024-05-25 01:45:00,10.135,10.181,10.131,10.135,48515.22,1716602399999.0
2024-05-25 02:00:00,10.135,10.17,10.111,10.168,20982.37,1716603299999.0
2024-05-25 02:15:00,10.169,10.169,10.125,10.133,13370.31,1716604199999.0
2024-05-25 02:30:00,10.133,10.149,10.105,10.135,23164.27,1716605099999.0
2024-05-25 02:45:00,10.136,10.15,10.119,10.146,23933.31,1716605999999.0
2024-05-25 03:00:00,10.147,10.191,10.139,10.179,38905.59,1716606899999.0
2024-05-25 03:15:00,10.178,10.179,10.148,10.16,8619.71,1716607799999.0
2024-05-25 03:30:00,10.159,10.163,10.126,10.14,15828.43,1716608699999.0
2024-05-25 03:45:00,10.141,10.197,10.135,10.196,24974.89,1716609599999.0
2024-05-25 04:00:00,10.197,10.221,10.172,10.199,46031.85,1716610499999.0
2024-05-25 04:15:00,10.199,10.204,10.164,10.174,21311.34,1716611399999.0
2024-05-25 04:30:00,10.174,10.22,10.172,10.211,17016.86,1716612299999.0
2024-05-25 04:45:00,10.21,10.259,10.204,10.251,48680.27,1716613199999.0
2024-05-25 05:00:00,10.251,10.26,10.225,10.256,46929.72,1716614099999.0
2024-05-25 05:15:00,10.255,10.274,10.244,10.263,30461.15,1716614999999.0
2024-05-25 05:30:00,10.263,10.279,10.236,10.243,32585.93,1716615899999.0
2024-05-25 05:45:00,10.244,10.259,10.237,10.243,25643.53,1716616799999.0
2024-05-25 06:00:00,10.244,10.253,10.214,10.219,33830.12,1716617699999.0
2024-05-25 06:15:00,10.22,10.24,10.203,10.233,53539.08,1716618599999.0
2024-05-25 06:30:00,10.233,10.233,10.176,10.191,47941.25,1716619499999.0
2024-05-25 06:45:00,10.192,10.237,10.188,10.227,103406.3,1716620399999.0
2024-05-25 07:00:00,10.227,10.264,10.22,10.26,51797.12,1716621299999.0
2024-05-25 07:15:00,10.257,10.303,10.231,10.299,92276.95,1716622199999.0
2024-05-25 07:30:00,10.3,10.404,10.295,10.372,148084.87,1716623099999.0
2024-05-25 07:45:00,10.373,10.382,10.294,10.31,84368.09,1716623999999.0
2024-05-25 08:00:00,10.311,10.354,10.278,10.291,130522.48,1716624899999.0
2024-05-25 08:15:00,10.291,10.356,10.284,10.35,35900.13,1716625799999.0
2024-05-25 08:30:00,10.351,10.39,10.329,10.384,43884.05,1716626699999.0
2024-05-25 08:45:00,10.384,10.394,10.354,10.374,57297.32,1716627599999.0
2024-05-25 09:00:00,10.375,10.439,10.35,10.414,99060.03,1716628499999.0
2024-05-25 09:15:00,10.414,10.442,10.391,10.429,50212.49,1716629399999.0
2024-05-25 09:30:00,10.429,10.449,10.361,10.379,61467.63,1716630299999.0
2024-05-25 09:45:00,10.38,10.384,10.352,10.378,48368.52,1716631199999.0
2024-05-25 10:00:00,10.379,10.382,10.332,10.359,37120.08,1716632099999.0
2024-05-25 10:15:00,10.357,10.366,10.308,10.308,44932.31,1716632999999.0
2024-05-25 10:30:00,10.308,10.349,10.308,10.318,43364.39,1716633899999.0
2024-05-25 10:45:00,10.315,10.346,10.301,10.332,46525.94,1716634799999.0
2024-05-25 11:00:00,10.333,10.356,10.31,10.344,28422.81,1716635699999.0
2024-05-25 11:15:00,10.345,10.375,10.344,10.357,24586.78,1716636599999.0
2024-05-25 11:30:00,10.358,10.358,10.258,10.29,60983.25,1716637499999.0
2024-05-25 11:45:00,10.291,10.307,10.244,10.254,43487.32,1716638399999.0
2024-05-25 12:00:00,10.254,10.268,10.203,10.22,58179.49,1716639299999.0
2024-05-25 12:15:00,10.219,10.264,10.199,10.209,167436.64,1716640199999.0
2024-05-25 12:30:00,10.209,10.209,10.148,10.162,60285.63,1716641099999.0
2024-05-25 12:45:00,10.164,10.17,10.111,10.151,88137.77,1716641999999.0
2024-05-25 13:00:00,10.151,10.181,10.141,10.16,38259.36,1716642899999.0
2024-05-25 13:15:00,10.159,10.191,10.14,10.162,40490.87,1716643799999.0
2024-05-25 13:30:00,10.163,10.163,10.071,10.113,55940.33,1716644699999.0
2024-05-25 13:45:00,10.112,10.128,10.066,10.109,84923.2,1716645599999.0
2024-05-25 14:00:00,10.108,10.131,10.103,10.113,35114.49,1716646499999.0
2024-05-25 14:15:00,10.112,10.13,10.09,10.09,36986.49,1716647399999.0
2024-05-25 14:30:00,10.09,10.122,10.079,10.092,43442.92,1716648299999.0
2024-05-25 14:45:00,10.092,10.13,10.087,10.121,32931.18,1716649199999.0
2024-05-25 15:00:00,10.122,10.167,10.12,10.162,59585.57,1716650099999.0
2024-05-25 15:15:00,10.161,10.177,10.133,10.167,35827.1,1716650999999.0
2024-05-25 15:30:00,10.167,10.195,10.164,10.169,25999.55,1716651899999.0
2024-05-25 15:45:00,10.168,10.168,10.117,10.128,28020.26,1716652799999.0
2024-05-25 16:00:00,10.128,10.142,10.12,10.132,26147.36,1716653699999.0
2024-05-25 16:15:00,10.131,10.137,10.105,10.115,26084.06,1716654599999.0
2024-05-25 16:30:00,10.116,10.136,10.11,10.122,26373.03,1716655499999.0
2024-05-25 16:45:00,10.124,10.126,10.102,10.114,28065.11,1716656399999.0
2024-05-25 17:00:00,10.114,10.12,10.104,10.113,27030.62,1716657299999.0
2024-05-25 17:15:00,10.114,10.114,10.079,10.11,57377.32,1716658199999.0
2024-05-25 17:30:00,10.11,10.111,10.087,10.088,10653.21,1716659099999.0
2024-05-25 17:45:00,10.088,10.112,10.083,10.104,22744.51,1716659999999.0
2024-05-25 18:00:00,10.104,10.117,10.095,10.108,16188.06,1716660899999.0
2024-05-25 18:15:00,10.108,10.117,10.101,10.113,18680.11,1716661799999.0
2024-05-25 18:30:00,10.113,10.124,10.098,10.122,13291.91,1716662699999.0
2024-05-25 18:45:00,10.122,10.141,10.12,10.134,25991.54,1716663599999.0
2024-05-25 19:00:00,10.134,10.137,10.11,10.125,18154.8,1716664499999.0
2024-05-25 19:15:00,10.126,10.133,10.101,10.106,28641.22,1716665399999.0
2024-05-25 19:30:00,10.106,10.114,10.097,10.102,16128.7,1716666299999.0
2024-05-25 19:45:00,10.101,10.112,10.094,10.098,17319.18,1716667199999.0
2024-05-25 20:00:00,10.098,10.111,10.09,10.095,18772.83,1716668099999.0
2024-05-25 20:15:00,10.096,10.102,10.063,10.067,41152.46,1716668999999.0
2024-05-25 20:30:00,10.067,10.067,10.029,10.051,85313.94,1716669899999.0
2024-05-25 20:45:00,10.051,10.075,10.035,10.062,25584.2,1716670799999.0
2024-05-25 21:00:00,10.062,10.081,10.052,10.079,15328.94,1716671699999.0
2024-05-25 21:15:00,10.079,10.09,10.074,10.086,13146.03,1716672599999.0
2024-05-25 21:30:00,10.085,10.089,10.07,10.076,6954.65,1716673499999.0
2024-05-25 21:45:00,10.076,10.077,10.039,10.07,21829.73,1716674399999.0
2024-05-25 22:00:00,10.071,10.075,10.042,10.056,31540.61,1716675299999.0
2024-05-25 22:15:00,10.056,10.077,10.056,10.07,20859.14,1716676199999.0
2024-05-25 22:30:00,10.069,10.069,10.042,10.057,13045.17,1716677099999.0
2024-05-25 22:45:00,10.061,10.074,10.056,10.071,11231.68,1716677999999.0
2024-05-25 23:00:00,10.071,10.094,10.069,10.08,20585.08,1716678899999.0
2024-05-25 23:15:00,10.081,10.094,10.077,10.091,6714.66,1716679799999.0
2024-05-25 23:30:00,10.091,10.093,10.056,10.068,16190.77,1716680699999.0
2024-05-25 23:45:00,10.068,10.092,10.062,10.077,17317.77,1716681599999.0
2024-05-26 00:00:00,10.079,10.092,10.06,10.074,28215.73,1716682499999.0
2024-05-26 00:15:00,10.075,10.11,10.073,10.107,31387.44,1716683399999.0
2024-05-26 00:30:00,10.108,10.108,10.071,10.073,29632.74,1716684299999.0
2024-05-26 00:45:00,10.074,10.113,10.04,10.04,104821.37,1716685199999.0
2024-05-26 01:00:00,10.039,10.087,10.039,10.079,25007.19,1716686099999.0
2024-05-26 01:15:00,10.08,10.097,10.06,10.07,44990.97,1716686999999.0
2024-05-26 01:30:00,10.069,10.082,10.064,10.076,14614.93,1716687899999.0
2024-05-26 01:45:00,10.075,10.097,10.066,10.084,20241.28,1716688799999.0
2024-05-26 02:00:00,10.086,10.094,10.06,10.06,19075.71,1716689699999.0
2024-05-26 02:15:00,10.06,10.067,10.0,10.047,74659.53,1716690599999.0
2024-05-26 02:30:00,10.048,10.052,10.003,10.013,32022.63,1716691499999.0
2024-05-26 02:45:00,10.013,10.076,10.011,10.069,20785.15,1716692399999.0
2024-05-26 03:00:00,10.07,10.098,10.04,10.05,16879.61,1716693299999.0
2024-05-26 03:15:00,10.049,10.076,10.043,10.053,24789.09,1716694199999.0
2024-05-26 03:30:00,10.053,10.065,10.045,10.056,18232.25,1716695099999.0
2024-05-26 03:45:00,10.061,10.105,10.044,10.092,26554.88,1716695999999.0
2024-05-26 04:00:00,10.094,10.094,10.066,10.073,24686.23,1716696899999.0
2024-05-26 04:15:00,10.073,10.095,10.073,10.084,11898.83,1716697799999.0
2024-05-26 04:30:00,10.084,10.085,10.033,10.038,13484.04,1716698699999.0
2024-05-26 04:45:00,10.038,10.046,10.013,10.043,16194.75,1716699599999.0
2024-05-26 05:00:00,10.042,10.045,10.011,10.023,21793.18,1716700499999.0
2024-05-26 05:15:00,10.022,10.035,10.02,10.031,11934.86,1716701399999.0
2024-05-26 05:30:00,10.028,10.056,10.028,10.042,14059.19,1716702299999.0
2024-05-26 05:45:00,10.042,10.066,10.03,10.066,8324.08,1716703199999.0
2024-05-26 06:00:00,10.067,10.089,10.055,10.073,18581.36,1716704099999.0
2024-05-26 06:15:00,10.072,10.073,10.06,10.067,7600.85,1716704999999.0
2024-05-26 06:30:00,10.065,10.077,10.045,10.059,10295.14,1716705899999.0
2024-05-26 06:45:00,10.058,10.068,10.048,10.066,11404.46,1716706799999.0
2024-05-26 07:00:00,10.068,10.073,10.056,10.065,13250.69,1716707699999.0
2024-05-26 07:15:00,10.064,10.118,10.059,10.116,41686.23,1716708599999.0
2024-05-26 07:30:00,10.114,10.179,10.112,10.151,45257.91,1716709499999.0
2024-05-26 07:45:00,10.151,10.153,10.112,10.141,23063.1,1716710399999.0
2024-05-26 08:00:00,10.141,10.168,10.117,10.159,30722.88,1716711299999.0
2024-05-26 08:15:00,10.161,10.168,10.124,10.137,23420.35,1716712199999.0
2024-05-26 08:30:00,10.138,10.147,10.085,10.094,19682.96,1716713099999.0
2024-05-26 08:45:00,10.095,10.106,10.076,10.104,24156.35,1716713999999.0
2024-05-26 09:00:00,10.106,10.135,10.095,10.106,16809.18,1716714899999.0
2024-05-26 09:15:00,10.107,10.11,10.052,10.06,27967.43,1716715799999.0
2024-05-26 09:30:00,10.06,10.06,10.024,10.042,27970.36,1716716699999.0
2024-05-26 09:45:00,10.041,10.05,10.017,10.035,38101.62,1716717599999.0
2024-05-26 10:00:00,10.036,10.086,10.035,10.076,20186.87,1716718499999.0
2024-05-26 10:15:00,10.078,10.088,10.049,10.053,16203.69,1716719399999.0
2024-05-26 10:30:00,10.053,10.078,10.036,10.07,20670.01,1716720299999.0
2024-05-26 10:45:00,10.072,10.085,10.06,10.061,10037.73,1716721199999.0
2024-05-26 11:00:00,10.06,10.094,10.048,10.077,26986.14,1716722099999.0
2024-05-26 11:15:00,10.076,10.087,10.048,10.051,21548.26,1716722999999.0
2024-05-26 11:30:00,10.049,10.054,10.024,10.031,24674.57,1716723899999.0
2024-05-26 11:45:00,10.031,10.055,10.026,10.034,36809.18,1716724799999.0
2024-05-26 12:00:00,10.036,10.037,10.0,10.004,51937.8,1716725699999.0
2024-05-26 12:15:00,10.003,10.034,9.965,10.022,75362.56,1716726599999.0
2024-05-26 12:30:00,10.021,10.038,9.995,10.034,26766.97,1716727499999.0
2024-05-26 12:45:00,10.034,10.04,10.013,10.035,40360.22,1716728399999.0
2024-05-26 13:00:00,10.036,10.052,10.01,10.011,19594.37,1716729299999.0
2024-05-26 13:15:00,10.011,10.055,10.011,10.044,19194.83,1716730199999.0
2024-05-26 13:30:00,10.044,10.045,9.993,10.014,24537.51,1716731099999.0
2024-05-26 13:45:00,10.012,10.044,10.003,10.044,21067.34,1716731999999.0
2024-05-26 14:00:00,10.044,10.086,10.039,10.084,39636.54,1716732899999.0
2024-05-26 14:15:00,10.083,10.086,10.024,10.038,28809.65,1716733799999.0
2024-05-26 14:30:00,10.038,10.058,10.012,10.046,57337.48,1716734699999.0
2024-05-26 14:45:00,10.049,10.104,10.037,10.103,57951.84,1716735599999.0
2024-05-26 15:00:00,10.104,10.13,10.068,10.068,66781.24,1716736499999.0
2024-05-26 15:15:00,10.067,10.067,10.025,10.027,68826.8,1716737399999.0
2024-05-26 15:30:00,10.026,10.034,10.003,10.004,44286.42,1716738299999.0
2024-05-26 15:45:00,10.004,10.007,9.9,9.998,134018.05,1716739199999.0
2024-05-26 16:00:00,9.998,10.041,9.987,10.004,42237.11,1716740099999.0
2024-05-26 16:15:00,10.003,10.004,9.959,9.998,48928.94,1716740999999.0
2024-05-26 16:30:00,9.999,10.048,9.979,10.043,56221.81,1716741899999.0
2024-05-26 16:45:00,10.046,10.086,10.044,10.054,95072.59,1716742799999.0
2024-05-26 17:00:00,10.053,10.065,10.011,10.011,44585.75,1716743699999.0
2024-05-26 17:15:00,10.011,10.026,9.999,10.01,28528.63,1716744599999.0
2024-05-26 17:30:00,10.009,10.021,9.998,10.013,18674.83,1716745499999.0
2024-05-26 17:45:00,10.013,10.028,9.989,10.006,29689.96,1716746399999.0
2024-05-26 18:00:00,10.006,10.016,9.96,9.966,33294.74,1716747299999.0
2024-05-26 18:15:00,9.964,9.989,9.928,9.973,87722.12,1716748199999.0
2024-05-26 18:30:00,9.975,9.998,9.913,9.967,73803.28,1716749099999.0
2024-05-26 18:45:00,9.968,9.995,9.967,9.973,35288.45,1716749999999.0
2024-05-26 19:00:00,9.976,10.005,9.954,9.963,31091.51,1716750899999.0
2024-05-26 19:15:00,9.963,9.971,9.94,9.941,15592.81,1716751799999.0
2024-05-26 19:30:00,9.941,9.976,9.941,9.973,14268.78,1716752699999.0
2024-05-26 19:45:00,9.972,9.981,9.961,9.972,16804.2,1716753599999.0
2024-05-26 20:00:00,9.972,9.974,9.921,9.93,85233.44,1716754499999.0
2024-05-26 20:15:00,9.93,9.935,9.916,9.934,22991.36,1716755399999.0
2024-05-26 20:30:00,9.935,9.948,9.927,9.927,27957.96,1716756299999.0
2024-05-26 20:45:00,9.928,9.934,9.918,9.923,26535.77,1716757199999.0
2024-05-26 21:00:00,9.922,9.931,9.91,9.92,33778.99,1716758099999.0
2024-05-26 21:15:00,9.921,9.938,9.897,9.903,49569.29,1716758999999.0
2024-05-26 21:30:00,9.903,9.904,9.864,9.884,73853.67,1716759899999.0
2024-05-26 21:45:00,9.887,9.961,9.887,9.961,21947.98,1716760799999.0
2024-05-26 22:00:00,9.961,9.98,9.953,9.969,37909.11,1716761699999.0
2024-05-26 22:15:00,9.971,10.015,9.968,10.0,24037.23,1716762599999.0
2024-05-26 22:30:00,10.0,10.014,9.991,10.009,15238.25,1716763499999.0
2024-05-26 22:45:00,10.01,10.014,9.983,9.987,29957.51,1716764399999.0
2024-05-26 23:00:00,9.987,10.002,9.967,10.0,33147.62,1716765299999.0
2024-05-26 23:15:00,9.999,10.0,9.974,9.978,16734.87,1716766199999.0
2024-05-26 23:30:00,9.978,9.987,9.96,9.968,18016.44,1716767099999.0
2024-05-26 23:45:00,9.964,9.993,9.964,9.988,18743.64,1716767999999.0
2024-05-27 00:00:00,9.988,10.026,9.972,10.02,24187.71,1716768899999.0
2024-05-27 00:15:00,10.021,10.022,9.975,9.979,26049.29,1716769799999.0
2024-05-27 00:30:00,9.98,10.024,9.98,10.006,23481.07,1716770699999.0
2024-05-27 00:45:00,10.006,10.016,9.995,10.016,28218.6,1716771599999.0
2024-05-27 01:00:00,10.017,10.024,9.998,10.013,26656.4,1716772499999.0
2024-05-27 01:15:00,10.013,10.03,9.999,10.015,63687.98,1716773399999.0
2024-05-27 01:30:00,10.016,10.079,10.007,10.076,21532.26,1716774299999.0
2024-05-27 01:45:00,10.077,10.111,10.077,10.111,40859.94,1716775199999.0
2024-05-27 02:00:00,10.112,10.132,10.08,10.108,33874.26,1716776099999.0
2024-05-27 02:15:00,10.109,10.162,10.048,10.143,64621.85,1716776999999.0
2024-05-27 02:30:00,10.143,10.151,10.105,10.135,45738.94,1716777899999.0
2024-05-27 02:45:00,10.135,10.142,10.105,10.113,27540.63,1716778799999.0
2024-05-27 03:00:00,10.114,10.136,10.097,10.111,24108.15,1716779699999.0
2024-05-27 03:15:00,10.111,10.153,10.111,10.135,15955.94,1716780599999.0
2024-05-27 03:30:00,10.135,10.153,10.117,10.143,19699.61,1716781499999.0
2024-05-27 03:45:00,10.143,10.158,10.121,10.147,40080.5,1716782399999.0
2024-05-27 04:00:00,10.147,10.157,10.109,10.109,19293.36,1716783299999.0
2024-05-27 04:15:00,10.109,10.191,10.109,10.186,45879.21,1716784199999.0
2024-05-27 04:30:00,10.185,10.198,10.156,10.169,39877.61,1716785099999.0
2024-05-27 04:45:00,10.172,10.183,10.118,10.118,19461.82,1716785999999.0
2024-05-27 05:00:00,10.118,10.133,10.088,10.099,19777.19,1716786899999.0
2024-05-27 05:15:00,10.098,10.105,10.03,10.034,32584.81,1716787799999.0
2024-05-27 05:30:00,10.031,10.139,10.031,10.138,32171.11,1716788699999.0
2024-05-27 05:45:00,10.138,10.171,10.138,10.148,36853.15,1716789599999.0
2024-05-27 06:00:00,10.148,10.153,10.111,10.121,24378.03,1716790499999.0
2024-05-27 06:15:00,10.121,10.127,10.084,10.095,36160.21,1716791399999.0
2024-05-27 06:30:00,10.098,10.104,10.06,10.1,35489.68,1716792299999.0
2024-05-27 06:45:00,10.103,10.103,10.048,10.064,28293.43,1716793199999.0
2024-05-27 07:00:00,10.063,10.106,10.047,10.09,20838.1,1716794099999.0
2024-05-27 07:15:00,10.089,10.095,10.046,10.059,29868.35,1716794999999.0
2024-05-27 07:30:00,10.059,10.092,10.05,10.078,27132.73,1716795899999.0
2024-05-27 07:45:00,10.077,10.1,10.064,10.085,17820.25,1716796799999.0
2024-05-27 08:00:00,10.086,10.111,10.068,10.101,24231.37,1716797699999.0
2024-05-27 08:15:00,10.101,10.133,10.087,10.111,48772.7,1716798599999.0
2024-05-27 08:30:00,10.11,10.143,10.079,10.121,43082.73,1716799499999.0
2024-05-27 08:45:00,10.121,10.136,10.082,10.128,32961.9,1716800399999.0
2024-05-27 09:00:00,10.127,10.154,10.099,10.132,40002.71,1716801299999.0
2024-05-27 09:15:00,10.13,10.134,10.083,10.133,23652.57,1716802199999.0
2024-05-27 09:30:00,10.134,10.15,10.096,10.108,28250.21,1716803099999.0
2024-05-27 09:45:00,10.108,10.131,10.098,10.098,43385.94,1716803999999.0
2024-05-27 10:00:00,10.099,10.106,10.069,10.088,20906.48,1716804899999.0
2024-05-27 10:15:00,10.087,10.125,10.075,10.101,25672.76,1716805799999.0
2024-05-27 10:30:00,10.103,10.133,10.079,10.086,28188.77,1716806699999.0
2024-05-27 10:45:00,10.089,10.141,10.073,10.14,55499.41,1716807599999.0
2024-05-27 11:00:00,10.14,10.181,10.122,10.168,61344.7,1716808499999.0
2024-05-27 11:15:00,10.168,10.2,10.139,10.195,68447.75,1716809399999.0
2024-05-27 11:30:00,10.196,10.202,10.11,10.154,68286.33,1716810299999.0
2024-05-27 11:45:00,10.153,10.183,10.148,10.18,32347.88,1716811199999.0
2024-05-27 12:00:00,10.18,10.186,10.151,10.154,38946.45,1716812099999.0
2024-05-27 12:15:00,10.154,10.163,10.133,10.151,18840.62,1716812999999.0
2024-05-27 12:30:00,10.152,10.183,10.145,10.155,17548.36,1716813899999.0
2024-05-27 12:45:00,10.154,10.172,10.139,10.144,23130.96,1716814799999.0
2024-05-27 13:00:00,10.144,10.185,10.143,10.183,53313.53,1716815699999.0
2024-05-27 13:15:00,10.178,10.186,10.168,10.182,33310.23,1716816599999.0
2024-05-27 13:30:00,10.182,10.2,10.164,10.195,64714.03,1716817499999.0
2024-05-27 13:45:00,10.194,10.277,10.188,10.259,99068.26,1716818399999.0
2024-05-27 14:00:00,10.259,10.289,10.244,10.269,79631.42,1716819299999.0
2024-05-27 14:15:00,10.269,10.295,10.222,10.263,196724.4,1716820199999.0
2024-05-27 14:30:00,10.263,10.3,10.25,10.284,84994.58,1716821099999.0
2024-05-27 14:45:00,10.284,10.29,10.211,10.241,93996.73,1716821999999.0
2024-05-27 15:00:00,10.24,10.301,10.23,10.299,81381.61,1716822899999.0
2024-05-27 15:15:00,10.299,10.309,10.25,10.255,94983.65,1716823799999.0
2024-05-27 15:30:00,10.256,10.31,10.255,10.306,68338.96,1716824699999.0
2024-05-27 15:45:00,10.307,10.323,10.281,10.296,81494.95,1716825599999.0
2024-05-27 16:00:00,10.293,10.328,10.293,10.304,72025.77,1716826499999.0
2024-05-27 16:15:00,10.304,10.333,10.293,10.331,72968.16,1716827399999.0
2024-05-27 16:30:00,10.332,10.381,10.313,10.351,104840.86,1716828299999.0
2024-05-27 16:45:00,10.35,10.351,10.303,10.314,58012.76,1716829199999.0
2024-05-27 17:00:00,10.314,10.336,10.245,10.264,135295.11,1716830099999.0
2024-05-27 17:15:00,10.264,10.279,10.206,10.233,62929.65,1716830999999.0
2024-05-27 17:30:00,10.233,10.251,10.212,10.245,38493.57,1716831899999.0
2024-05-27 17:45:00,10.245,10.247,10.209,10.214,53692.6,1716832799999.0
2024-05-27 18:00:00,10.214,10.227,10.188,10.192,63286.95,1716833699999.0
2024-05-27 18:15:00,10.191,10.226,10.179,10.199,58433.16,1716834599999.0
2024-05-27 18:30:00,10.199,10.202,10.167,10.174,42611.75,1716835499999.0
2024-05-27 18:45:00,10.174,10.178,10.101,10.14,83552.86,1716836399999.0
2024-05-27 19:00:00,10.143,10.183,10.118,10.13,63414.4,1716837299999.0
2024-05-27 19:15:00,10.13,10.188,10.111,10.188,71377.0,1716838199999.0
2024-05-27 19:30:00,10.189,10.202,10.167,10.183,45567.06,1716839099999.0
2024-05-27 19:45:00,10.182,10.192,10.042,10.101,195594.11,1716839999999.0
2024-05-27 20:00:00,10.102,10.163,10.078,10.135,67647.17,1716840899999.0
2024-05-27 20:15:00,10.138,10.201,10.134,10.193,34992.62,1716841799999.0
2024-05-27 20:30:00,10.192,10.197,10.144,10.152,20777.81,1716842699999.0
2024-05-27 20:45:00,10.152,10.167,10.136,10.156,18855.47,1716843599999.0
2024-05-27 21:00:00,10.154,10.181,10.137,10.162,18506.86,1716844499999.0
2024-05-27 21:15:00,10.162,10.175,10.134,10.135,33795.74,1716845399999.0
2024-05-27 21:30:00,10.134,10.161,10.113,10.13,17599.2,1716846299999.0
2024-05-27 21:45:00,10.13,10.135,10.111,10.116,15635.83,1716847199999.0
2024-05-27 22:00:00,10.117,10.138,10.109,10.13,33022.2,1716848099999.0
2024-05-27 22:15:00,10.129,10.165,10.124,10.161,19574.71,1716848999999.0
2024-05-27 22:30:00,10.162,10.18,10.125,10.126,15464.69,1716849899999.0
2024-05-27 22:45:00,10.125,10.143,10.113,10.116,27740.08,1716850799999.0
2024-05-27 23:00:00,10.116,10.126,10.102,10.112,33009.7,1716851699999.0
2024-05-27 23:15:00,10.112,10.125,10.104,10.108,13764.81,1716852599999.0
2024-05-27 23:30:00,10.108,10.124,10.093,10.124,35390.76,1716853499999.0
2024-05-27 23:45:00,10.124,10.165,10.124,10.163,23118.89,1716854399999.0
2024-05-28 00:00:00,10.164,10.188,10.144,10.163,66798.35,1716855299999.0
2024-05-28 00:15:00,10.162,10.169,10.101,10.153,36033.85,1716856199999.0
2024-05-28 00:30:00,10.153,10.188,10.063,10.078,100670.84,1716857099999.0
2024-05-28 00:45:00,10.078,10.095,10.048,10.076,73210.23,1716857999999.0
2024-05-28 01:00:00,10.075,10.126,10.061,10.103,47103.23,1716858899999.0
2024-05-28 01:15:00,10.104,10.126,10.099,10.109,31135.93,1716859799999.0
2024-05-28 01:30:00,10.11,10.19,10.104,10.157,78441.01,1716860699999.0
2024-05-28 01:45:00,10.156,10.156,10.005,10.026,159377.41,1716861599999.0
2024-05-28 02:00:00,10.025,10.05,9.9,10.014,241034.28,1716862499999.0
2024-05-28 02:15:00,10.012,10.117,9.974,10.085,81509.23,1716863399999.0
2024-05-28 02:30:00,10.085,10.122,10.072,10.073,46438.52,1716864299999.0
2024-05-28 02:45:00,10.072,10.158,10.066,10.125,40103.42,1716865199999.0
2024-05-28 03:00:00,10.125,10.155,10.044,10.077,40831.65,1716866099999.0
2024-05-28 03:15:00,10.076,10.102,10.03,10.044,44025.37,1716866999999.0
2024-05-28 03:30:00,10.043,10.055,9.967,10.041,103626.7,1716867899999.0
2024-05-28 03:45:00,10.042,10.064,10.018,10.052,43884.87,1716868799999.0
2024-05-28 04:00:00,10.05,10.051,9.985,9.991,17936.22,1716869699999.0
2024-05-28 04:15:00,9.989,10.003,9.951,9.96,69684.54,1716870599999.0
2024-05-28 04:30:00,9.959,9.995,9.906,9.927,85472.38,1716871499999.0
2024-05-28 04:45:00,9.929,9.981,9.915,9.924,43757.61,1716872399999.0
2024-05-28 05:00:00,9.924,10.024,9.904,10.022,87270.52,1716873299999.0
2024-05-28 05:15:00,10.021,10.021,9.948,9.978,103712.63,1716874199999.0
2024-05-28 05:30:00,9.978,10.023,9.974,10.014,52878.11,1716875099999.0
2024-05-28 05:45:00,10.01,10.047,9.999,10.047,29777.39,1716875999999.0
2024-05-28 06:00:00,10.042,10.059,9.964,9.988,147015.06,1716876899999.0
2024-05-28 06:15:00,9.988,10.002,9.974,9.986,37076.77,1716877799999.0
2024-05-28 06:30:00,9.986,10.015,9.98,10.008,27129.94,1716878699999.0
2024-05-28 06:45:00,10.008,10.023,10.005,10.014,31157.24,1716879599999.0
2024-05-28 07:00:00,10.014,10.028,9.98,9.981,39977.27,1716880499999.0
2024-05-28 07:15:00,9.982,9.982,9.938,9.945,38268.92,1716881399999.0
2024-05-28 07:30:00,9.945,10.009,9.945,10.003,31472.3,1716882299999.0
2024-05-28 07:45:00,10.003,10.021,9.975,9.995,37841.09,1716883199999.0
2024-05-28 08:00:00,9.993,10.042,9.982,10.028,46228.26,1716884099999.0
2024-05-28 08:15:00,10.028,10.042,10.006,10.039,32138.01,1716884999999.0
2024-05-28 08:30:00,10.039,10.046,10.003,10.036,16712.69,1716885899999.0
2024-05-28 08:45:00,10.039,10.055,10.023,10.028,23284.74,1716886799999.0
2024-05-28 09:00:00,10.028,10.045,10.0,10.037,41712.89,1716887699999.0
2024-05-28 09:15:00,10.034,10.035,9.997,10.009,22326.91,1716888599999.0
2024-05-28 09:30:00,10.007,10.035,10.001,10.031,26457.27,1716889499999.0
2024-05-28 09:45:00,10.032,10.061,10.004,10.006,49760.87,1716890399999.0
2024-05-28 10:00:00,10.004,10.048,9.995,10.045,44706.03,1716891299999.0
2024-05-28 10:15:00,10.044,10.076,10.034,10.04,51525.62,1716892199999.0
2024-05-28 10:30:00,10.041,10.062,10.0,10.0,48421.99,1716893099999.0
2024-05-28 10:45:00,10.0,10.029,10.0,10.015,35656.83,1716893999999.0
2024-05-28 11:00:00,10.016,10.039,10.0,10.036,31097.64,1716894899999.0
2024-05-28 11:15:00,10.036,10.064,10.021,10.042,35474.99,1716895799999.0
2024-05-28 11:30:00,10.042,10.044,9.979,10.01,103511.46,1716896699999.0
2024-05-28 11:45:00,10.01,10.028,9.988,10.001,48741.71,1716897599999.0
2024-05-28 12:00:00,10.001,10.002,9.948,9.972,100466.17,1716898499999.0
2024-05-28 12:15:00,9.971,10.002,9.97,9.98,62970.22,1716899399999.0
2024-05-28 12:30:00,9.98,10.011,9.933,9.935,109872.58,1716900299999.0
2024-05-28 12:45:00,9.935,9.979,9.929,9.938,55400.91,1716901199999.0
2024-05-28 13:00:00,9.938,9.964,9.92,9.945,69585.29,1716902099999.0
2024-05-28 13:15:00,9.945,10.015,9.938,10.013,60443.94,1716902999999.0
2024-05-28 13:30:00,10.013,10.019,9.9,9.977,156774.05,1716903899999.0
2024-05-28 13:45:00,9.973,9.99,9.922,9.968,108071.37,1716904799999.0
2024-05-28 14:00:00,9.97,9.978,9.925,9.974,105709.7,1716905699999.0
2024-05-28 14:15:00,9.975,10.008,9.968,9.986,59579.75,1716906599999.0
2024-05-28 14:30:00,9.985,9.996,9.907,9.926,75364.89,1716907499999.0
2024-05-28 14:45:00,9.925,9.961,9.879,9.921,84957.4,1716908399999.0
2024-05-28 15:00:00,9.922,9.959,9.883,9.946,48484.95,1716909299999.0
2024-05-28 15:15:00,9.943,9.947,9.889,9.93,98605.41,1716910199999.0
2024-05-28 15:30:00,9.932,10.021,9.924,10.009,114151.28,1716911099999.0
2024-05-28 15:45:00,10.006,10.037,10.0,10.023,44467.71,1716911999999.0
2024-05-28 16:00:00,10.025,10.084,10.024,10.076,66313.15,1716912899999.0
2024-05-28 16:15:00,10.077,10.077,9.993,9.997,59300.54,1716913799999.0
2024-05-28 16:30:00,9.997,10.005,9.932,9.966,81096.76,1716914699999.0
2024-05-28 16:45:00,9.964,10.0,9.948,9.962,63553.67,1716915599999.0
2024-05-28 17:00:00,9.962,10.03,9.945,10.029,52420.16,1716916499999.0
2024-05-28 17:15:00,10.027,10.065,10.018,10.054,71865.72,1716917399999.0
2024-05-28 17:30:00,10.053,10.075,10.039,10.06,54373.98,1716918299999.0
2024-05-28 17:45:00,10.058,10.061,10.013,10.013,32569.63,1716919199999.0
2024-05-28 18:00:00,10.014,10.051,10.004,10.05,27396.38,1716920099999.0
2024-05-28 18:15:00,10.049,10.061,10.011,10.042,12692.68,1716920999999.0
2024-05-28 18:30:00,10.038,10.038,9.934,9.955,67628.92,1716921899999.0
2024-05-28 18:45:00,9.956,9.993,9.934,9.992,26474.52,1716922799999.0
2024-05-28 19:00:00,9.994,10.052,9.994,10.041,47434.97,1716923699999.0
2024-05-28 19:15:00,10.039,10.039,10.009,10.013,23820.56,1716924599999.0
2024-05-28 19:30:00,10.013,10.031,10.006,10.02,24253.12,1716925499999.0
2024-05-28 19:45:00,10.015,10.026,10.003,10.007,33436.08,1716926399999.0
2024-05-28 20:00:00,10.006,10.034,10.0,10.025,25766.22,1716927299999.0
2024-05-28 20:15:00,10.025,10.085,10.024,10.048,49719.98,1716928199999.0
2024-05-28 20:30:00,10.047,10.079,10.047,10.056,20553.04,1716929099999.0
2024-05-28 20:45:00,10.055,10.055,10.012,10.048,17246.3,1716929999999.0
2024-05-28 21:00:00,10.049,10.075,10.026,10.064,13853.51,1716930899999.0
2024-05-28 21:15:00,10.064,10.091,10.04,10.055,25328.84,1716931799999.0
2024-05-28 21:30:00,10.054,10.083,10.047,10.067,29029.34,1716932699999.0
2024-05-28 21:45:00,10.066,10.093,10.058,10.084,15122.33,1716933599999.0
2024-05-28 22:00:00,10.084,10.17,10.082,10.15,103991.9,1716934499999.0
2024-05-28 22:15:00,10.15,10.19,10.135,10.183,85210.08,1716935399999.0
2024-05-28 22:30:00,10.183,10.26,10.177,10.201,125198.24,1716936299999.0
2024-05-28 22:45:00,10.2,10.261,10.19,10.23,80778.05,1716937199999.0
2024-05-28 23:00:00,10.231,10.235,10.158,10.161,58954.54,1716938099999.0
2024-05-28 23:15:00,10.161,10.189,10.142,10.167,38385.79,1716938999999.0
2024-05-28 23:30:00,10.169,10.26,10.155,10.252,53267.53,1716939899999.0
2024-05-28 23:45:00,10.253,10.254,10.215,10.22,30937.07,1716940799999.0
2024-05-29 00:00:00,10.221,10.25,10.182,10.238,71171.29,1716941699999.0
2024-05-29 00:15:00,10.238,10.28,10.198,10.216,77584.2,1716942599999.0
2024-05-29 00:30:00,10.218,10.271,10.205,10.25,53916.23,1716943499999.0
2024-05-29 00:45:00,10.247,10.256,10.232,10.248,19896.14,1716944399999.0
2024-05-29 01:00:00,10.252,10.322,10.235,10.239,103034.46,1716945299999.0
2024-05-29 01:15:00,10.241,10.333,10.222,10.313,212635.8,1716946199999.0
2024-05-29 01:30:00,10.313,10.375,10.296,10.372,92985.76,1716947099999.0
2024-05-29 01:45:00,10.371,10.444,10.34,10.43,250840.3,1716947999999.0
2024-05-29 02:00:00,10.43,10.443,10.301,10.328,169834.16,1716948899999.0
2024-05-29 02:15:00,10.328,10.453,10.322,10.44,60860.41,1716949799999.0
2024-05-29 02:30:00,10.44,10.446,10.377,10.41,112643.78,1716950699999.0
2024-05-29 02:45:00,10.41,10.456,10.4,10.413,117810.7,1716951599999.0
2024-05-29 03:00:00,10.415,10.434,10.335,10.383,122942.96,1716952499999.0
2024-05-29 03:15:00,10.383,10.392,10.35,10.372,44568.73,1716953399999.0
2024-05-29 03:30:00,10.372,10.441,10.366,10.401,52602.78,1716954299999.0
2024-05-29 03:45:00,10.4,10.448,10.376,10.434,57896.05,1716955199999.0
2024-05-29 04:00:00,10.433,10.492,10.411,10.487,77048.67,1716956099999.0
2024-05-29 04:15:00,10.486,10.524,10.476,10.514,146355.17,1716956999999.0
2024-05-29 04:30:00,10.514,10.519,10.461,10.518,73368.77,1716957899999.0
2024-05-29 04:45:00,10.517,10.52,10.432,10.456,52596.59,1716958799999.0
2024-05-29 05:00:00,10.456,10.503,10.382,10.4,119591.72,1716959699999.0
2024-05-29 05:15:00,10.399,10.515,10.39,10.509,134687.79,1716960599999.0
2024-05-29 05:30:00,10.508,10.533,10.487,10.487,98254.66,1716961499999.0
2024-05-29 05:45:00,10.487,10.524,10.455,10.506,92266.86,1716962399999.0
2024-05-29 06:00:00,10.508,10.56,10.473,10.559,104616.68,1716963299999.0
2024-05-29 06:15:00,10.558,10.6,10.535,10.6,78420.18,1716964199999.0
2024-05-29 06:30:00,10.6,10.603,10.542,10.592,81750.9,1716965099999.0
2024-05-29 06:45:00,10.592,10.62,10.555,10.6,107270.51,1716965999999.0
2024-05-29 07:00:00,10.601,10.653,10.528,10.551,160199.13,1716966899999.0
2024-05-29 07:15:00,10.55,10.598,10.443,10.448,185488.82,1716967799999.0
2024-05-29 07:30:00,10.448,10.492,10.415,10.435,123250.3,1716968699999.0
2024-05-29 07:45:00,10.437,10.453,10.321,10.333,196073.75,1716969599999.0
2024-05-29 08:00:00,10.333,10.37,10.119,10.194,306772.55,1716970499999.0
2024-05-29 08:15:00,10.193,10.252,10.09,10.231,450925.98,1716971399999.0
2024-05-29 08:30:00,10.23,10.295,10.192,10.264,174319.88,1716972299999.0
2024-05-29 08:45:00,10.264,10.327,10.232,10.295,145827.21,1716973199999.0
2024-05-29 09:00:00,10.295,10.381,10.264,10.279,136372.56,1716974099999.0
2024-05-29 09:15:00,10.282,10.383,10.198,10.227,163727.9,1716974999999.0
2024-05-29 09:30:00,10.229,10.312,10.18,10.265,68842.68,1716975899999.0
2024-05-29 09:45:00,10.261,10.332,10.24,10.245,85365.44,1716976799999.0
2024-05-29 10:00:00,10.245,10.321,10.214,10.298,62884.41,1716977699999.0
2024-05-29 10:15:00,10.298,10.362,10.282,10.33,55489.51,1716978599999.0
2024-05-29 10:30:00,10.329,10.369,10.291,10.364,57104.45,1716979499999.0
2024-05-29 10:45:00,10.364,10.4,10.357,10.395,79406.45,1716980399999.0
2024-05-29 11:00:00,10.396,10.415,10.361,10.41,92258.28,1716981299999.0
2024-05-29 11:15:00,10.412,10.475,10.393,10.471,100681.72,1716982199999.0
2024-05-29 11:30:00,10.471,10.474,10.325,10.366,98120.44,1716983099999.0
2024-05-29 11:45:00,10.363,10.4,10.305,10.318,88806.44,1716983999999.0
2024-05-29 12:00:00,10.318,10.41,10.307,10.41,55521.7,1716984899999.0
2024-05-29 12:15:00,10.41,10.448,10.318,10.37,81626.42,1716985799999.0
2024-05-29 12:30:00,10.37,10.381,10.246,10.281,117703.68,1716986699999.0
2024-05-29 12:45:00,10.277,10.344,10.254,10.278,56626.32,1716987599999.0
2024-05-29 13:00:00,10.278,10.396,10.239,10.39,110948.1,1716988499999.0
2024-05-29 13:15:00,10.391,10.425,10.282,10.329,189654.2,1716989399999.0
2024-05-29 13:30:00,10.328,10.356,10.264,10.312,110019.82,1716990299999.0
2024-05-29 13:45:00,10.306,10.33,10.232,10.31,180141.94,1716991199999.0
2024-05-29 14:00:00,10.312,10.368,10.299,10.329,111724.17,1716992099999.0
2024-05-29 14:15:00,10.332,10.377,10.257,10.266,100423.34,1716992999999.0
2024-05-29 14:30:00,10.266,10.334,10.256,10.334,79595.63,1716993899999.0
2024-05-29 14:45:00,10.332,10.382,10.322,10.347,58197.91,1716994799999.0
2024-05-29 15:00:00,10.347,10.39,10.296,10.305,87897.59,1716995699999.0
2024-05-29 15:15:00,10.305,10.37,10.253,10.345,68985.36,1716996599999.0
2024-05-29 15:30:00,10.345,10.358,10.263,10.285,56767.03,1716997499999.0
2024-05-29 15:45:00,10.285,10.309,10.236,10.249,51266.69,1716998399999.0
2024-05-29 16:00:00,10.242,10.251,10.129,10.142,226981.62,1716999299999.0
2024-05-29 16:15:00,10.141,10.284,10.137,10.209,112707.52,1717000199999.0
2024-05-29 16:30:00,10.21,10.333,10.206,10.315,70146.61,1717001099999.0
2024-05-29 16:45:00,10.316,10.382,10.288,10.373,94378.08,1717001999999.0
2024-05-29 17:00:00,10.371,10.427,10.297,10.394,158476.62,1717002899999.0
2024-05-29 17:15:00,10.393,10.45,10.341,10.442,169471.36,1717003799999.0
2024-05-29 17:30:00,10.439,10.473,10.411,10.423,72444.0,1717004699999.0
2024-05-29 17:45:00,10.422,10.44,10.331,10.434,119673.9,1717005599999.0
2024-05-29 18:00:00,10.435,10.453,10.375,10.385,56818.32,1717006499999.0
2024-05-29 18:15:00,10.387,10.418,10.343,10.364,91810.66,1717007399999.0
2024-05-29 18:30:00,10.364,10.468,10.329,10.468,126555.47,1717008299999.0
2024-05-29 18:45:00,10.466,10.479,10.388,10.412,73904.51,1717009199999.0
2024-05-29 19:00:00,10.413,10.435,10.385,10.434,33866.27,1717010099999.0
2024-05-29 19:15:00,10.436,10.446,10.366,10.413,44208.77,1717010999999.0
2024-05-29 19:30:00,10.413,10.424,10.306,10.316,47075.88,1717011899999.0
2024-05-29 19:45:00,10.315,10.347,10.262,10.28,57173.69,1717012799999.0
2024-05-29 20:00:00,10.276,10.326,10.263,10.323,50794.8,1717013699999.0
2024-05-29 20:15:00,10.326,10.33,10.301,10.32,32992.64,1717014599999.0
2024-05-29 20:30:00,10.321,10.331,10.292,10.295,30887.34,1717015499999.0
2024-05-29 20:45:00,10.295,10.302,10.255,10.283,36946.8,1717016399999.0
2024-05-29 21:00:00,10.283,10.3,10.229,10.248,28615.3,1717017299999.0
2024-05-29 21:15:00,10.248,10.261,10.197,10.214,53067.09,1717018199999.0
2024-05-29 21:30:00,10.213,10.299,10.195,10.271,70943.53,1717019099999.0
2024-05-29 21:45:00,10.272,10.345,10.271,10.298,24343.46,1717019999999.0
2024-05-29 22:00:00,10.299,10.31,10.234,10.236,24009.51,1717020899999.0
2024-05-29 22:15:00,10.236,10.292,10.227,10.28,21038.87,1717021799999.0
2024-05-29 22:30:00,10.281,10.317,10.273,10.303,12121.75,1717022699999.0
2024-05-29 22:45:00,10.305,10.321,10.289,10.312,17243.09,1717023599999.0
2024-05-29 23:00:00,10.311,10.337,10.299,10.32,25612.38,1717024499999.0
2024-05-29 23:15:00,10.319,10.339,10.314,10.337,18672.18,1717025399999.0
2024-05-29 23:30:00,10.337,10.342,10.292,10.292,15533.98,1717026299999.0
2024-05-29 23:45:00,10.292,10.299,10.258,10.29,18255.16,1717027199999.0
2024-05-30 00:00:00,10.289,10.408,10.282,10.403,76478.59,1717028099999.0
2024-05-30 00:15:00,10.403,10.471,10.401,10.466,73879.1,1717028999999.0
2024-05-30 00:30:00,10.465,10.467,10.395,10.434,38583.71,1717029899999.0
2024-05-30 00:45:00,10.434,10.458,10.345,10.373,63701.29,1717030799999.0
2024-05-30 01:00:00,10.373,10.452,10.313,10.449,71832.41,1717031699999.0
2024-05-30 01:15:00,10.45,10.487,10.426,10.444,87582.13,1717032599999.0
2024-05-30 01:30:00,10.445,10.548,10.437,10.525,108962.04,1717033499999.0
2024-05-30 01:45:00,10.525,10.531,10.438,10.47,76144.94,1717034399999.0
2024-05-30 02:00:00,10.47,10.544,10.452,10.528,69598.93,1717035299999.0
2024-05-30 02:15:00,10.529,10.599,10.52,10.59,75319.93,1717036199999.0
2024-05-30 02:30:00,10.589,10.6,10.516,10.546,85283.16,1717037099999.0
2024-05-30 02:45:00,10.547,10.587,10.527,10.529,86267.76,1717037999999.0
2024-05-30 03:00:00,10.529,10.575,10.521,10.533,72971.31,1717038899999.0
2024-05-30 03:15:00,10.533,10.557,10.514,10.519,49031.66,1717039799999.0
2024-05-30 03:30:00,10.519,10.533,10.469,10.478,63458.15,1717040699999.0
2024-05-30 03:45:00,10.478,10.488,10.445,10.467,54450.47,1717041599999.0
2024-05-30 04:00:00,10.467,10.488,10.453,10.462,35800.98,1717042499999.0
2024-05-30 04:15:00,10.462,10.518,10.461,10.496,44508.77,1717043399999.0
2024-05-30 04:30:00,10.497,10.514,10.45,10.452,32845.05,1717044299999.0
2024-05-30 04:45:00,10.452,10.46,10.379,10.401,49763.43,1717045199999.0
2024-05-30 05:00:00,10.401,10.402,10.3,10.301,79219.0,1717046099999.0
2024-05-30 05:15:00,10.301,10.353,10.28,10.332,70500.85,1717046999999.0
2024-05-30 05:30:00,10.331,10.414,10.321,10.397,50189.09,1717047899999.0
2024-05-30 05:45:00,10.397,10.423,10.367,10.368,31016.81,1717048799999.0
2024-05-30 06:00:00,10.367,10.373,10.275,10.279,86279.12,1717049699999.0
2024-05-30 06:15:00,10.279,10.364,10.264,10.329,88541.81,1717050599999.0
2024-05-30 06:30:00,10.329,10.339,10.264,10.325,87296.76,1717051499999.0
2024-05-30 06:45:00,10.326,10.329,10.259,10.265,60926.06,1717052399999.0
2024-05-30 07:00:00,10.266,10.315,10.259,10.272,112280.03,1717053299999.0
2024-05-30 07:15:00,10.274,10.298,10.203,10.206,186326.23,1717054199999.0
2024-05-30 07:30:00,10.206,10.206,10.142,10.171,63155.58,1717055099999.0
2024-05-30 07:45:00,10.17,10.184,10.017,10.059,175276.82,1717055999999.0
2024-05-30 08:00:00,10.057,10.081,9.995,10.004,192479.18,1717056899999.0
2024-05-30 08:15:00,10.005,10.14,10.003,10.135,110966.11,1717057799999.0
2024-05-30 08:30:00,10.135,10.189,10.125,10.156,127426.41,1717058699999.0
2024-05-30 08:45:00,10.155,10.155,10.088,10.098,46371.68,1717059599999.0
2024-05-30 09:00:00,10.097,10.097,10.043,10.09,64922.87,1717060499999.0
2024-05-30 09:15:00,10.09,10.091,9.998,9.999,63164.25,1717061399999.0
2024-05-30 09:30:00,9.999,10.032,9.996,10.02,106943.67,1717062299999.0
2024-05-30 09:45:00,10.021,10.113,10.014,10.109,56188.87,1717063199999.0
2024-05-30 10:00:00,10.109,10.19,10.105,10.156,96592.98,1717064099999.0
2024-05-30 10:15:00,10.157,10.191,10.132,10.181,54633.75,1717064999999.0
2024-05-30 10:30:00,10.182,10.191,10.111,10.153,49574.27,1717065899999.0
2024-05-30 10:45:00,10.152,10.193,10.142,10.166,31086.48,1717066799999.0
2024-05-30 11:00:00,10.165,10.187,10.149,10.178,33275.22,1717067699999.0
2024-05-30 11:15:00,10.175,10.211,10.15,10.208,36289.3,1717068599999.0
2024-05-30 11:30:00,10.207,10.223,10.16,10.194,30360.02,1717069499999.0
2024-05-30 11:45:00,10.196,10.2,10.132,10.14,18961.61,1717070399999.0
2024-05-30 12:00:00,10.138,10.216,10.131,10.204,31029.26,1717071299999.0
2024-05-30 12:15:00,10.201,10.206,10.159,10.16,33580.23,1717072199999.0
2024-05-30 12:30:00,10.16,10.235,10.16,10.192,98911.71,1717073099999.0
2024-05-30 12:45:00,10.192,10.247,10.154,10.167,97638.91,1717073999999.0
2024-05-30 13:00:00,10.167,10.191,10.115,10.179,90231.43,1717074899999.0
2024-05-30 13:15:00,10.179,10.221,10.178,10.201,80863.15,1717075799999.0
2024-05-30 13:30:00,10.2,10.223,10.12,10.151,96560.34,1717076699999.0
2024-05-30 13:45:00,10.149,10.247,10.149,10.218,85215.31,1717077599999.0
2024-05-30 14:00:00,10.219,10.34,10.215,10.25,112010.47,1717078499999.0
2024-05-30 14:15:00,10.25,10.372,10.248,10.312,192522.54,1717079399999.0
2024-05-30 14:30:00,10.312,10.346,10.242,10.266,61150.94,1717080299999.0
2024-05-30 14:45:00,10.266,10.283,10.185,10.202,82210.71,1717081199999.0
2024-05-30 15:00:00,10.2,10.219,10.146,10.216,126240.39,1717082099999.0
2024-05-30 15:15:00,10.215,10.246,10.186,10.194,55789.3,1717082999999.0
2024-05-30 15:30:00,10.195,10.228,10.151,10.157,69341.09,1717083899999.0
2024-05-30 15:45:00,10.157,10.224,10.148,10.203,33031.58,1717084799999.0
2024-05-30 16:00:00,10.202,10.235,10.152,10.154,48011.86,1717085699999.0
2024-05-30 16:15:00,10.154,10.187,10.152,10.17,29914.97,1717086599999.0
2024-05-30 16:30:00,10.171,10.203,10.165,10.167,32462.64,1717087499999.0
2024-05-30 16:45:00,10.166,10.197,10.163,10.187,44074.24,1717088399999.0
2024-05-30 17:00:00,10.189,10.218,10.17,10.204,50499.74,1717089299999.0
2024-05-30 17:15:00,10.204,10.3,10.202,10.296,48795.85,1717090199999.0
2024-05-30 17:30:00,10.296,10.337,10.295,10.307,90363.01,1717091099999.0
2024-05-30 17:45:00,10.304,10.313,10.272,10.298,72598.65,1717091999999.0
2024-05-30 18:00:00,10.3,10.338,10.258,10.289,104692.27,1717092899999.0
2024-05-30 18:15:00,10.287,10.328,10.248,10.304,57462.28,1717093799999.0
2024-05-30 18:30:00,10.303,10.31,10.257,10.298,39312.88,1717094699999.0
2024-05-30 18:45:00,10.301,10.308,10.281,10.289,13027.43,1717095599999.0
2024-05-30 19:00:00,10.288,10.306,10.274,10.278,50343.21,1717096499999.0
2024-05-30 19:15:00,10.277,10.278,10.216,10.225,51618.94,1717097399999.0
2024-05-30 19:30:00,10.226,10.263,10.182,10.204,105513.93,1717098299999.0
2024-05-30 19:45:00,10.204,10.23,10.154,10.17,94701.81,1717099199999.0
2024-05-30 20:00:00,10.17,10.172,10.054,10.071,145076.56,1717100099999.0
2024-05-30 20:15:00,10.069,10.158,10.038,10.156,96182.69,1717100999999.0
2024-05-30 20:30:00,10.156,10.163,10.12,10.154,40195.7,1717101899999.0
2024-05-30 20:45:00,10.15,10.158,10.099,10.111,32689.9,1717102799999.0
2024-05-30 21:00:00,10.107,10.128,10.074,10.076,101132.49,1717103699999.0
2024-05-30 21:15:00,10.076,10.136,10.07,10.136,60181.38,1717104599999.0
2024-05-30 21:30:00,10.136,10.164,10.119,10.132,27427.05,1717105499999.0
2024-05-30 21:45:00,10.131,10.132,10.102,10.103,8881.73,1717106399999.0
2024-05-30 22:00:00,10.102,10.106,10.071,10.095,44869.19,1717107299999.0
2024-05-30 22:15:00,10.092,10.102,10.08,10.096,30109.74,1717108199999.0
2024-05-30 22:30:00,10.091,10.101,10.078,10.086,20560.4,1717109099999.0
2024-05-30 22:45:00,10.085,10.118,10.083,10.092,28133.53,1717109999999.0
2024-05-30 23:00:00,10.091,10.098,9.985,9.999,591180.78,1717110899999.0
2024-05-30 23:15:00,9.997,10.019,9.986,9.999,256217.39,1717111799999.0
2024-05-30 23:30:00,9.999,10.018,9.989,10.008,57225.21,1717112699999.0
2024-05-30 23:45:00,10.007,10.043,10.001,10.028,67265.2,1717113599999.0
2024-05-31 00:00:00,10.027,10.033,10.0,10.012,146188.79,1717114499999.0
2024-05-31 00:15:00,10.012,10.049,9.974,9.979,88094.89,1717115399999.0
2024-05-31 00:30:00,9.978,10.014,9.965,9.986,92536.28,1717116299999.0
2024-05-31 00:45:00,9.987,10.032,9.974,10.023,66789.71,1717117199999.0
2024-05-31 01:00:00,10.024,10.083,10.002,10.078,72685.84,1717118099999.0
2024-05-31 01:15:00,10.082,10.082,9.99,10.023,82156.01,1717118999999.0
2024-05-31 01:30:00,10.022,10.06,10.011,10.011,20174.83,1717119899999.0
2024-05-31 01:45:00,10.012,10.023,9.981,10.005,24184.64,1717120799999.0
2024-05-31 02:00:00,10.002,10.055,9.993,10.052,33525.17,1717121699999.0
2024-05-31 02:15:00,10.052,10.085,10.021,10.04,48975.27,1717122599999.0
2024-05-31 02:30:00,10.04,10.045,10.02,10.043,4891.45,1717123499999.0
2024-05-31 02:45:00,10.044,10.046,10.005,10.018,24600.24,1717124399999.0
2024-05-31 03:00:00,10.018,10.034,9.999,10.03,18318.13,1717125299999.0
2024-05-31 03:15:00,10.03,10.055,10.025,10.036,14488.6,1717126199999.0
2024-05-31 03:30:00,10.035,10.079,10.026,10.066,46688.59,1717127099999.0
2024-05-31 03:45:00,10.067,10.074,10.043,10.044,20428.15,1717127999999.0
2024-05-31 04:00:00,10.048,10.085,10.048,10.072,13178.72,1717128899999.0
2024-05-31 04:15:00,10.075,10.104,10.071,10.073,18303.33,1717129799999.0
2024-05-31 04:30:00,10.073,10.074,10.039,10.069,25513.37,1717130699999.0
2024-05-31 04:45:00,10.069,10.079,10.037,10.064,47625.85,1717131599999.0
2024-05-31 05:00:00,10.064,10.072,10.026,10.037,36113.26,1717132499999.0
2024-05-31 05:15:00,10.036,10.036,9.953,10.015,127048.41,1717133399999.0
2024-05-31 05:30:00,10.015,10.018,9.968,10.004,53109.22,1717134299999.0
2024-05-31 05:45:00,10.001,10.045,9.997,10.035,55538.65,1717135199999.0
2024-05-31 06:00:00,10.036,10.071,10.029,10.045,26363.96,1717136099999.0
2024-05-31 06:15:00,10.048,10.11,10.048,10.11,48451.84,1717136999999.0
2024-05-31 06:30:00,10.11,10.111,10.051,10.078,104852.72,1717137899999.0
2024-05-31 06:45:00,10.077,10.082,9.994,10.025,52049.87,1717138799999.0
2024-05-31 07:00:00,10.025,10.05,10.016,10.025,61142.63,1717139699999.0
2024-05-31 07:15:00,10.025,10.07,10.015,10.057,32874.9,1717140599999.0
2024-05-31 07:30:00,10.057,10.062,10.014,10.017,36087.9,1717141499999.0
2024-05-31 07:45:00,10.017,10.051,10.002,10.044,54943.34,1717142399999.0
2024-05-31 08:00:00,10.044,10.066,10.03,10.065,25704.86,1717143299999.0
2024-05-31 08:15:00,10.061,10.08,10.038,10.045,36962.86,1717144199999.0
2024-05-31 08:30:00,10.044,10.061,10.022,10.055,11677.72,1717145099999.0
2024-05-31 08:45:00,10.045,10.05,10.026,10.026,21608.24,1717145999999.0
2024-05-31 09:00:00,10.027,10.029,10.009,10.022,19979.4,1717146899999.0
2024-05-31 09:15:00,10.021,10.021,9.972,10.007,35723.56,1717147799999.0
2024-05-31 09:30:00,10.006,10.067,10.0,10.055,56112.2,1717148699999.0
2024-05-31 09:45:00,10.054,10.06,10.037,10.049,16564.36,1717149599999.0
2024-05-31 10:00:00,10.049,10.102,10.04,10.094,61284.3,1717150499999.0
2024-05-31 10:15:00,10.096,10.099,10.058,10.088,40066.92,1717151399999.0
2024-05-31 10:30:00,10.088,10.164,10.068,10.156,99842.16,1717152299999.0
2024-05-31 10:45:00,10.155,10.155,10.107,10.145,51878.04,1717153199999.0
2024-05-31 11:00:00,10.147,10.178,10.137,10.171,41488.55,1717154099999.0
2024-05-31 11:15:00,10.171,10.195,10.149,10.155,100958.39,1717154999999.0
2024-05-31 11:30:00,10.153,10.179,10.126,10.153,113608.42,1717155899999.0
2024-05-31 11:45:00,10.153,10.175,10.14,10.149,38012.2,1717156799999.0
2024-05-31 12:00:00,10.149,10.186,10.14,10.151,30247.53,1717157699999.0
2024-05-31 12:15:00,10.153,10.187,10.141,10.172,28373.74,1717158599999.0
2024-05-31 12:30:00,10.172,10.282,10.171,10.226,236533.67,1717159499999.0
2024-05-31 12:45:00,10.227,10.262,10.172,10.179,142016.56,1717160399999.0
2024-05-31 13:00:00,10.178,10.207,10.148,10.173,59076.91,1717161299999.0
2024-05-31 13:15:00,10.17,10.175,10.11,10.119,96864.93,1717162199999.0
2024-05-31 13:30:00,10.119,10.14,10.039,10.109,163596.08,1717163099999.0
2024-05-31 13:45:00,10.11,10.115,10.054,10.061,108437.71,1717163999999.0
2024-05-31 14:00:00,10.06,10.091,10.004,10.035,158129.16,1717164899999.0
2024-05-31 14:15:00,10.03,10.062,10.0,10.019,105752.55,1717165799999.0
2024-05-31 14:30:00,10.018,10.039,9.988,9.992,123919.63,1717166699999.0
2024-05-31 14:45:00,9.993,10.055,9.985,10.05,58401.83,1717167599999.0
2024-05-31 15:00:00,10.05,10.064,10.016,10.025,20861.92,1717168499999.0
2024-05-31 15:15:00,10.027,10.046,10.012,10.031,57897.12,1717169399999.0
2024-05-31 15:30:00,10.033,10.038,9.983,10.002,71596.9,1717170299999.0
2024-05-31 15:45:00,10.001,10.001,9.974,9.983,75469.94,1717171199999.0
2024-05-31 16:00:00,9.982,10.02,9.82,9.823,376286.5,1717172099999.0
2024-05-31 16:15:00,9.822,9.935,9.821,9.916,194345.49,1717172999999.0
2024-05-31 16:30:00,9.912,9.932,9.881,9.886,137819.77,1717173899999.0
2024-05-31 16:45:00,9.889,9.965,9.872,9.956,73514.87,1717174799999.0
2024-05-31 17:00:00,9.956,9.978,9.917,9.937,68400.9,1717175699999.0
2024-05-31 17:15:00,9.937,9.998,9.927,9.998,37214.98,1717176599999.0
2024-05-31 17:30:00,9.999,10.031,9.955,9.99,123336.21,1717177499999.0
2024-05-31 17:45:00,9.99,10.002,9.97,9.977,29198.67,1717178399999.0
2024-05-31 18:00:00,9.977,9.988,9.934,9.951,39490.33,1717179299999.0
2024-05-31 18:15:00,9.951,9.967,9.917,9.92,27146.33,1717180199999.0
2024-05-31 18:30:00,9.92,9.96,9.9,9.96,24814.85,1717181099999.0
2024-05-31 18:45:00,9.96,9.962,9.938,9.959,21055.31,1717181999999.0
2024-05-31 19:00:00,9.959,9.979,9.938,9.979,12273.22,1717182899999.0
2024-05-31 19:15:00,9.98,10.044,9.963,10.037,79806.01,1717183799999.0
2024-05-31 19:30:00,10.037,10.046,10.005,10.04,50515.02,1717184699999.0
2024-05-31 19:45:00,10.037,10.182,10.033,10.058,293397.09,1717185599999.0
2024-05-31 20:00:00,10.059,10.076,10.033,10.047,35359.99,1717186499999.0
2024-05-31 20:15:00,10.047,10.092,10.047,10.092,28900.64,1717187399999.0
2024-05-31 20:30:00,10.094,10.11,10.079,10.088,21223.91,1717188299999.0
2024-05-31 20:45:00,10.087,10.107,10.069,10.081,43909.04,1717189199999.0
2024-05-31 21:00:00,10.083,10.097,10.076,10.083,14223.69,1717190099999.0
2024-05-31 21:15:00,10.082,10.083,10.052,10.069,17753.39,1717190999999.0
2024-05-31 21:30:00,10.072,10.093,10.05,10.054,9960.42,1717191899999.0
2024-05-31 21:45:00,10.055,10.089,10.054,10.059,8035.23,1717192799999.0
2024-05-31 22:00:00,10.06,10.087,10.058,10.076,20773.67,1717193699999.0
2024-05-31 22:15:00,10.077,10.094,10.073,10.087,9927.73,1717194599999.0
2024-05-31 22:30:00,10.089,10.093,10.071,10.083,14596.43,1717195499999.0
2024-05-31 22:45:00,10.085,10.089,10.071,10.073,19787.4,1717196399999.0
2024-05-31 23:00:00,10.072,10.104,10.066,10.091,44156.08,1717197299999.0
2024-05-31 23:15:00,10.09,10.127,10.067,10.068,75536.31,1717198199999.0
2024-05-31 23:30:00,10.071,10.159,10.07,10.142,53931.28,1717199099999.0
2024-05-31 23:45:00,10.144,10.146,10.123,10.125,14605.91,1717199999999.0
2024-06-01 00:00:00,10.126,10.155,10.096,10.133,112471.74,1717200899999.0
2024-06-01 00:15:00,10.134,10.136,10.1,10.107,20795.27,1717201799999.0
2024-06-01 00:30:00,10.106,10.114,10.091,10.108,21093.68,1717202699999.0
2024-06-01 00:45:00,10.11,10.113,10.084,10.084,20549.9,1717203599999.0
2024-06-01 01:00:00,10.085,10.107,10.082,10.086,13179.99,1717204499999.0
2024-06-01 01:15:00,10.087,10.093,10.055,10.08,15720.44,1717205399999.0
2024-06-01 01:30:00,10.08,10.09,10.057,10.08,10621.59,1717206299999.0
2024-06-01 01:45:00,10.081,10.105,10.081,10.09,14173.75,1717207199999.0
2024-06-01 02:00:00,10.095,10.103,10.066,10.073,18599.23,1717208099999.0
2024-06-01 02:15:00,10.073,10.074,10.059,10.064,8695.22,1717208999999.0
2024-06-01 02:30:00,10.066,10.078,10.058,10.063,9400.39,1717209899999.0
2024-06-01 02:45:00,10.064,10.066,10.055,10.062,9543.91,1717210799999.0
2024-06-01 03:00:00,10.062,10.062,10.033,10.043,19033.05,1717211699999.0
2024-06-01 03:15:00,10.045,10.05,10.026,10.036,13204.95,1717212599999.0
2024-06-01 03:30:00,10.036,10.053,10.035,10.04,11700.49,1717213499999.0
2024-06-01 03:45:00,10.04,10.04,10.02,10.021,7325.96,1717214399999.0
2024-06-01 04:00:00,10.023,10.024,10.008,10.016,6794.66,1717215299999.0
2024-06-01 04:15:00,10.015,10.027,10.004,10.023,21218.76,1717216199999.0
2024-06-01 04:30:00,10.023,10.047,10.02,10.031,14324.97,1717217099999.0
2024-06-01 04:45:00,10.032,10.06,10.032,10.044,21775.76,1717217999999.0
2024-06-01 05:00:00,10.048,10.048,10.01,10.022,14086.06,1717218899999.0
2024-06-01 05:15:00,10.022,10.028,10.008,10.012,8322.93,1717219799999.0
2024-06-01 05:30:00,10.011,10.048,10.011,10.036,14340.74,1717220699999.0
2024-06-01 05:45:00,10.038,10.038,10.013,10.018,10296.19,1717221599999.0
2024-06-01 06:00:00,10.017,10.027,10.002,10.01,16969.33,1717222499999.0
2024-06-01 06:15:00,10.009,10.025,10.0,10.021,15384.64,1717223399999.0
2024-06-01 06:30:00,10.019,10.027,9.989,10.013,23343.14,1717224299999.0
2024-06-01 06:45:00,10.013,10.026,10.005,10.017,10126.57,1717225199999.0
2024-06-01 07:00:00,10.017,10.018,9.998,9.999,13151.26,1717226099999.0
2024-06-01 07:15:00,9.999,10.0,9.982,9.988,11416.88,1717226999999.0
2024-06-01 07:30:00,9.988,10.014,9.984,10.01,22418.98,1717227899999.0
2024-06-01 07:45:00,10.01,10.032,9.983,10.003,39638.69,1717228799999.0
2024-06-01 08:00:00,10.004,10.034,10.003,10.03,13245.39,1717229699999.0
2024-06-01 08:15:00,10.03,10.039,10.017,10.022,4737.15,1717230599999.0
2024-06-01 08:30:00,10.022,10.043,10.022,10.04,7944.62,1717231499999.0
2024-06-01 08:45:00,10.041,10.048,10.015,10.038,13631.32,1717232399999.0
2024-06-01 09:00:00,10.038,10.043,10.016,10.019,25439.4,1717233299999.0
2024-06-01 09:15:00,10.018,10.018,9.993,9.997,22000.3,1717234199999.0
2024-06-01 09:30:00,9.996,10.016,9.991,10.009,9728.36,1717235099999.0
2024-06-01 09:45:00,10.01,10.017,10.006,10.009,8805.85,1717235999999.0
2024-06-01 10:00:00,10.008,10.013,9.994,9.999,7511.94,1717236899999.0
2024-06-01 10:15:00,9.999,10.007,9.985,9.987,17841.2,1717237799999.0
2024-06-01 10:30:00,9.986,10.002,9.984,9.999,41883.12,1717238699999.0
2024-06-01 10:45:00,9.998,10.008,9.986,9.997,32289.98,1717239599999.0
2024-06-01 11:00:00,9.997,10.025,9.991,10.012,65636.34,1717240499999.0
2024-06-01 11:15:00,10.011,10.014,10.0,10.009,21489.63,1717241399999.0
2024-06-01 11:30:00,10.008,10.022,10.003,10.021,12541.41,1717242299999.0
2024-06-01 11:45:00,10.02,10.023,9.997,9.997,20931.1,1717243199999.0
2024-06-01 12:00:00,9.997,10.02,9.991,10.006,14566.47,1717244099999.0
2024-06-01 12:15:00,10.005,10.005,9.986,9.993,16762.28,1717244999999.0
2024-06-01 12:30:00,9.993,10.0,9.978,9.998,29879.95,1717245899999.0
2024-06-01 12:45:00,9.998,10.014,9.984,9.985,15597.46,1717246799999.0
2024-06-01 13:00:00,9.985,10.004,9.981,10.002,22607.01,1717247699999.0
2024-06-01 13:15:00,10.003,10.008,9.99,10.0,20975.53,1717248599999.0
2024-06-01 13:30:00,10.001,10.03,10.001,10.005,33070.37,1717249499999.0
2024-06-01 13:45:00,10.005,10.015,10.003,10.007,7175.3,1717250399999.0
2024-06-01 14:00:00,10.007,10.043,10.003,10.022,37160.63,1717251299999.0
2024-06-01 14:15:00,10.023,10.041,10.023,10.029,12072.26,1717252199999.0
2024-06-01 14:30:00,10.028,10.028,9.999,10.012,76770.6,1717253099999.0
2024-06-01 14:45:00,10.012,10.028,9.992,10.02,28978.58,1717253999999.0
2024-06-01 15:00:00,10.02,10.04,10.018,10.032,13672.1,1717254899999.0
2024-06-01 15:15:00,10.033,10.048,10.019,10.019,21183.7,1717255799999.0
2024-06-01 15:30:00,10.021,10.059,10.017,10.02,73581.08,1717256699999.0
2024-06-01 15:45:00,10.021,10.023,9.994,9.999,18957.1,1717257599999.0
2024-06-01 16:00:00,10.0,10.017,9.996,10.012,12911.25,1717258499999.0
2024-06-01 16:15:00,10.012,10.02,9.998,10.02,19713.14,1717259399999.0
2024-06-01 16:30:00,10.02,10.028,9.999,10.002,20708.05,1717260299999.0
2024-06-01 16:45:00,10.002,10.018,9.997,10.011,9338.27,1717261199999.0
2024-06-01 17:00:00,10.011,10.02,9.996,10.016,23358.03,1717262099999.0
2024-06-01 17:15:00,10.015,10.019,10.01,10.014,12311.85,1717262999999.0
2024-06-01 17:30:00,10.014,10.016,9.999,10.003,8611.37,1717263899999.0
2024-06-01 17:45:00,10.003,10.022,9.993,10.018,34588.57,1717264799999.0
2024-06-01 18:00:00,10.017,10.017,9.996,10.01,17828.73,1717265699999.0
2024-06-01 18:15:00,10.01,10.012,9.997,9.998,5973.55,1717266599999.0
2024-06-01 18:30:00,9.998,10.003,9.994,9.998,18190.28,1717267499999.0
2024-06-01 18:45:00,9.998,10.003,9.992,10.0,7085.24,1717268399999.0
2024-06-01 19:00:00,10.001,10.007,9.999,10.001,12629.46,1717269299999.0
2024-06-01 19:15:00,10.002,10.015,9.995,10.005,14245.61,1717270199999.0
2024-06-01 19:30:00,10.004,10.004,9.994,10.001,15294.17,1717271099999.0
2024-06-01 19:45:00,10.0,10.005,9.99,9.994,19815.26,1717271999999.0
2024-06-01 20:00:00,9.994,10.018,9.994,10.015,16810.01,1717272899999.0
2024-06-01 20:15:00,10.015,10.022,10.012,10.017,11945.7,1717273799999.0
2024-06-01 20:30:00,10.016,10.024,10.016,10.023,16186.99,1717274699999.0
2024-06-01 20:45:00,10.023,10.024,10.013,10.019,9637.14,1717275599999.0
2024-06-01 21:00:00,10.02,10.022,9.99,10.017,29227.65,1717276499999.0
2024-06-01 21:15:00,10.018,10.028,10.009,10.028,20126.49,1717277399999.0
2024-06-01 21:30:00,10.028,10.085,10.028,10.081,54033.35,1717278299999.0
2024-06-01 21:45:00,10.082,10.093,10.043,10.075,33561.9,1717279199999.0
2024-06-01 22:00:00,10.076,10.11,10.076,10.086,38060.46,1717280099999.0
2024-06-01 22:15:00,10.086,10.113,10.086,10.104,46304.05,1717280999999.0
2024-06-01 22:30:00,10.104,10.128,10.095,10.113,22649.77,1717281899999.0
2024-06-01 22:45:00,10.113,10.123,10.085,10.096,20395.52,1717282799999.0
2024-06-01 23:00:00,10.095,10.111,10.066,10.075,22566.19,1717283699999.0
2024-06-01 23:15:00,10.074,10.08,10.058,10.058,14043.96,1717284599999.0
2024-06-01 23:30:00,10.058,10.064,10.028,10.032,12923.18,1717285499999.0
2024-06-01 23:45:00,10.032,10.054,10.031,10.049,9070.87,1717286399999.0
2024-06-02 00:00:00,10.046,10.06,10.035,10.057,10286.94,1717287299999.0
2024-06-02 00:15:00,10.057,10.077,10.056,10.066,17990.3,1717288199999.0
2024-06-02 00:30:00,10.065,10.07,10.047,10.052,10109.67,1717289099999.0
2024-06-02 00:45:00,10.052,10.089,10.046,10.087,18327.77,1717289999999.0
2024-06-02 01:00:00,10.087,10.09,10.059,10.076,24677.23,1717290899999.0
2024-06-02 01:15:00,10.075,10.105,10.072,10.099,22891.15,1717291799999.0
2024-06-02 01:30:00,10.099,10.103,10.068,10.069,22118.72,1717292699999.0
2024-06-02 01:45:00,10.069,10.079,10.049,10.056,20792.24,1717293599999.0
2024-06-02 02:00:00,10.055,10.083,10.045,10.079,12616.75,1717294499999.0
2024-06-02 02:15:00,10.08,10.113,10.066,10.082,35930.4,1717295399999.0
2024-06-02 02:30:00,10.081,10.085,10.055,10.058,9504.34,1717296299999.0
2024-06-02 02:45:00,10.058,10.058,10.028,10.044,41277.06,1717297199999.0
2024-06-02 03:00:00,10.044,10.075,10.042,10.07,17051.29,1717298099999.0
2024-06-02 03:15:00,10.071,10.081,10.043,10.046,32000.19,1717298999999.0
2024-06-02 03:30:00,10.046,10.055,10.033,10.034,14253.1,1717299899999.0
2024-06-02 03:45:00,10.033,10.05,10.033,10.041,14357.45,1717300799999.0
2024-06-02 04:00:00,10.042,10.048,10.021,10.022,22955.62,1717301699999.0
2024-06-02 04:15:00,10.023,10.024,10.01,10.014,14137.2,1717302599999.0
2024-06-02 04:30:00,10.014,10.031,10.013,10.029,9000.14,1717303499999.0
2024-06-02 04:45:00,10.029,10.041,10.021,10.034,10572.31,1717304399999.0
2024-06-02 05:00:00,10.034,10.07,10.031,10.043,30697.02,1717305299999.0
2024-06-02 05:15:00,10.044,10.048,10.027,10.031,6066.56,1717306199999.0
2024-06-02 05:30:00,10.03,10.037,10.0,10.013,36832.44,1717307099999.0
2024-06-02 05:45:00,10.012,10.027,10.009,10.011,8265.18,1717307999999.0
2024-06-02 06:00:00,10.011,10.031,10.006,10.031,11976.11,1717308899999.0
2024-06-02 06:15:00,10.031,10.033,10.006,10.014,17318.66,1717309799999.0
2024-06-02 06:30:00,10.015,10.043,10.008,10.011,33568.06,1717310699999.0
2024-06-02 06:45:00,10.011,10.06,10.01,10.057,36378.26,1717311599999.0
2024-06-02 07:00:00,10.058,10.078,10.044,10.067,30957.29,1717312499999.0
2024-06-02 07:15:00,10.065,10.065,10.013,10.028,20093.72,1717313399999.0
2024-06-02 07:30:00,10.028,10.032,9.997,9.999,37511.31,1717314299999.0
2024-06-02 07:45:00,10.0,10.019,9.998,10.001,8822.94,1717315199999.0
2024-06-02 08:00:00,10.001,10.028,9.994,10.026,14632.95,1717316099999.0
2024-06-02 08:15:00,10.026,10.04,10.016,10.035,18537.9,1717316999999.0
2024-06-02 08:30:00,10.037,10.054,10.03,10.046,25653.83,1717317899999.0
2024-06-02 08:45:00,10.045,10.046,10.02,10.023,11166.8,1717318799999.0
2024-06-02 09:00:00,10.023,10.027,9.999,10.007,17751.4,1717319699999.0
2024-06-02 09:15:00,10.007,10.012,9.958,9.958,48026.19,1717320599999.0
2024-06-02 09:30:00,9.959,9.991,9.935,9.951,47903.64,1717321499999.0
2024-06-02 09:45:00,9.951,9.974,9.947,9.967,14118.84,1717322399999.0
2024-06-02 10:00:00,9.968,9.975,9.948,9.948,16822.72,1717323299999.0
2024-06-02 10:15:00,9.948,9.951,9.915,9.935,45812.23,1717324199999.0
2024-06-02 10:30:00,9.935,9.952,9.916,9.949,52748.67,1717325099999.0
2024-06-02 10:45:00,9.947,9.947,9.919,9.928,21751.16,1717325999999.0
2024-06-02 11:00:00,9.928,9.934,9.903,9.904,27897.81,1717326899999.0
2024-06-02 11:15:00,9.904,9.929,9.903,9.919,24548.92,1717327799999.0
2024-06-02 11:30:00,9.919,9.937,9.914,9.934,16641.5,1717328699999.0
2024-06-02 11:45:00,9.933,9.987,9.933,9.979,31758.75,1717329599999.0
2024-06-02 12:00:00,9.979,10.002,9.95,9.981,41254.59,1717330499999.0
2024-06-02 12:15:00,9.981,9.987,9.942,9.977,19653.21,1717331399999.0
2024-06-02 12:30:00,9.978,10.019,9.978,10.004,30967.94,1717332299999.0
2024-06-02 12:45:00,10.006,10.012,9.953,9.988,33378.9,1717333199999.0
2024-06-02 13:00:00,9.99,9.999,9.969,9.999,36647.77,1717334099999.0
2024-06-02 13:15:00,9.998,10.006,9.987,10.0,17104.61,1717334999999.0
2024-06-02 13:30:00,10.002,10.002,9.976,9.985,9768.57,1717335899999.0
2024-06-02 13:45:00,9.985,10.004,9.985,9.996,9689.61,1717336799999.0
2024-06-02 14:00:00,9.995,10.008,9.975,10.001,26408.81,1717337699999.0
2024-06-02 14:15:00,10.002,10.014,9.983,10.012,23513.29,1717338599999.0
2024-06-02 14:30:00,10.013,10.039,9.987,9.99,24971.57,1717339499999.0
2024-06-02 14:45:00,9.989,10.039,9.982,10.037,15138.34,1717340399999.0
2024-06-02 15:00:00,10.036,10.046,10.006,10.024,24589.66,1717341299999.0
2024-06-02 15:15:00,10.024,10.04,10.0,10.018,18592.96,1717342199999.0
2024-06-02 15:30:00,10.017,10.027,10.004,10.013,12976.46,1717343099999.0
2024-06-02 15:45:00,10.013,10.037,10.005,10.01,44640.18,1717343999999.0
2024-06-02 16:00:00,10.011,10.018,9.99,9.99,14832.29,1717344899999.0
2024-06-02 16:15:00,9.988,9.992,9.954,9.958,27231.39,1717345799999.0
2024-06-02 16:30:00,9.958,9.977,9.958,9.959,18748.39,1717346699999.0
2024-06-02 16:45:00,9.958,9.99,9.955,9.97,18503.0,1717347599999.0
2024-06-02 17:00:00,9.972,9.972,9.93,9.945,38151.23,1717348499999.0
2024-06-02 17:15:00,9.945,9.949,9.888,9.907,60214.57,1717349399999.0
2024-06-02 17:30:00,9.908,9.912,9.861,9.898,70516.02,1717350299999.0
2024-06-02 17:45:00,9.895,9.915,9.854,9.855,46749.4,1717351199999.0
2024-06-02 18:00:00,9.855,9.855,9.735,9.804,509114.66,1717352099999.0
2024-06-02 18:15:00,9.803,9.838,9.786,9.806,87151.34,1717352999999.0
2024-06-02 18:30:00,9.806,9.867,9.791,9.866,91008.01,1717353899999.0
2024-06-02 18:45:00,9.865,9.87,9.839,9.846,23794.88,1717354799999.0
2024-06-02 19:00:00,9.847,9.849,9.769,9.808,67158.88,1717355699999.0
2024-06-02 19:15:00,9.808,9.821,9.772,9.81,60869.03,1717356599999.0
2024-06-02 19:30:00,9.81,9.84,9.805,9.84,14766.88,1717357499999.0
2024-06-02 19:45:00,9.838,9.866,9.832,9.855,12430.5,1717358399999.0
2024-06-02 20:00:00,9.853,9.864,9.826,9.856,56823.7,1717359299999.0
2024-06-02 20:15:00,9.855,9.898,9.826,9.894,105277.74,1717360199999.0
2024-06-02 20:30:00,9.893,9.903,9.876,9.892,47387.45,1717361099999.0
2024-06-02 20:45:00,9.893,9.912,9.883,9.909,57351.88,1717361999999.0
2024-06-02 21:00:00,9.908,9.919,9.899,9.914,25744.1,1717362899999.0
2024-06-02 21:15:00,9.915,9.918,9.874,9.898,16943.95,1717363799999.0
2024-06-02 21:30:00,9.898,9.9,9.866,9.867,23616.14,1717364699999.0
2024-06-02 21:45:00,9.868,9.907,9.868,9.905,14180.94,1717365599999.0
2024-06-02 22:00:00,9.905,9.933,9.892,9.93,44354.92,1717366499999.0
2024-06-02 22:15:00,9.931,9.947,9.928,9.932,10645.52,1717367399999.0
2024-06-02 22:30:00,9.932,9.934,9.898,9.898,18227.87,1717368299999.0
2024-06-02 22:45:00,9.898,9.9,9.891,9.892,17078.68,1717369199999.0
2024-06-02 23:00:00,9.892,9.901,9.891,9.896,8173.44,1717370099999.0
2024-06-02 23:15:00,9.896,9.9,9.891,9.895,7979.03,1717370999999.0
2024-06-02 23:30:00,9.895,9.917,9.892,9.911,13908.07,1717371899999.0
2024-06-02 23:45:00,9.912,9.936,9.912,9.933,21136.38,1717372799999.0
2024-06-03 00:00:00,9.933,9.971,9.915,9.943,74409.28,1717373699999.0
