date,open,high,low,close,volume,close_time,quote_asset_volume,number_of_trades,taker_buy_base_asset_volume,taker_buy_quote_asset_volume,ignore
11/27/2021,6.1,7.945,2.5,7.47,5385361.76,1.63806E+12,38388799.34,72851,2750473.28,19634373.73,0
11/28/2021,7.47,7.827,6.083,6.948,2991578.89,1.63814E+12,20379037.13,33016,1446379.17,9880009.604,0
11/29/2021,6.968,7.22,6.333,6.788,1362160.41,1.63823E+12,9156488.624,20534,613112.95,4126373.921,0
11/30/2021,6.795,6.824,6.138,6.268,1126567.79,1.63832E+12,7297526.228,16126,509162.94,3303987.444,0
12/1/2021,6.276,6.36,5.145,5.401,3006782.57,1.6384E+12,17018068.04,41587,1412209.58,7971151.546,0
12/2/2021,5.407,5.741,4.92,5.617,2336301.6,1.63849E+12,12357488.4,25632,1019391.02,5410507.087,0
12/3/2021,5.616,6.782,4.828,5.1,4233336.02,1.63858E+12,24636038.35,50614,2139381.7,12430041.26,0
12/4/2021,5.106,6.074,3.88,5.266,5800485.01,1.63866E+12,30009392.98,61334,3076576.11,15899584.13,0
12/5/2021,5.268,5.853,4.374,4.853,2819506.64,1.63875E+12,14466894.14,39251,1357178.02,6965757.065,0
12/6/2021,4.861,5,3.888,4.894,4080140.85,1.63884E+12,17967182.18,30395,1979918.84,8691158.597,0
12/7/2021,4.884,5.174,4.413,4.47,1536345.67,1.63892E+12,7365301.67,14519,759368.95,3647749.709,0
12/8/2021,4.47,4.623,4.21,4.247,1227462.71,1.63901E+12,5435601.045,12055,603249.07,2669102.896,0
12/9/2021,4.256,4.431,3.9,3.903,1623437.09,1.63909E+12,6754647.902,15526,773425.05,3229397.592,0
12/10/2021,3.908,4.099,3.5,3.504,1848044.08,1.63918E+12,7050265.107,19998,865421.2,3305782.623,0
12/11/2021,3.5,3.826,3.436,3.793,1032166.22,1.63927E+12,3780057.217,11955,495992.91,1818381.874,0
12/12/2021,3.788,5.449,3.767,4.963,9784942.89,1.63935E+12,46852777.86,169927,4800176.87,22965228.11,0
12/13/2021,4.96,5.095,3.807,4.055,6445665.17,1.63944E+12,27693929.17,94692,3417903.76,14621787.61,0
12/14/2021,4.054,4.35,3.701,4.083,3117749.97,1.63953E+12,12438197.69,45692,1532114.17,6128928.262,0
12/15/2021,4.084,4.626,3.799,4.243,3098473.24,1.63961E+12,12828099.95,46359,1529488.55,6347973.478,0
12/16/2021,4.243,4.896,4.113,4.289,3650210.42,1.6397E+12,16217204.24,48767,1804604.4,8020487.511,0
12/17/2021,4.29,4.478,3.907,4.164,1557911.64,1.63979E+12,6439661.491,25250,690180.79,2848869.792,0
12/18/2021,4.169,4.849,4.048,4.5,2249028.64,1.63987E+12,10125805.63,34389,1106903.63,4991104.233,0
12/19/2021,4.5,5,4.23,4.688,2300055.41,1.63996E+12,10735840.26,33469,1104014.23,5163214.203,0
12/20/2021,4.678,4.83,4.163,4.478,1798162.44,1.64004E+12,7993481.438,29615,908207.77,4038220.711,0
12/21/2021,4.478,6.39,4.346,5.506,10096773.24,1.64013E+12,56755141.34,179691,5188338.52,29239590.13,0
12/22/2021,5.512,6.52,5.5,5.717,5885172.22,1.64022E+12,35175300.07,128656,2967757.05,17772102.16,0
12/23/2021,5.724,6.34,5.587,6.151,2730623.58,1.6403E+12,16221703.29,50831,1397630.33,8331627.978,0
12/24/2021,6.135,6.661,5.503,5.576,2217931.43,1.64039E+12,13315784.21,47806,1033451.52,6224678.992,0
12/25/2021,5.578,5.91,5.509,5.61,1329719.3,1.64048E+12,7596766.889,25438,606231.37,3470116.35,0
12/26/2021,5.608,5.682,5.125,5.422,1727051.05,1.64056E+12,9257997.28,34584,787882.22,4225934.734,0
12/27/2021,5.421,5.744,5.151,5.156,1724656.97,1.64065E+12,9404186.499,30466,856269.12,4686134.397,0
12/28/2021,5.156,5.387,4.705,4.907,1970903.37,1.64074E+12,9953184.513,34582,908507.21,4602187.563,0
12/29/2021,4.898,5.029,4.515,4.622,1698449.36,1.64082E+12,8169606.441,28326,745382.31,3586569.96,0
12/30/2021,4.615,4.92,4.5,4.61,1834530.9,1.64091E+12,8544629.269,30121,861115.17,4018276.488,0
12/31/2021,4.614,5.108,4.53,4.601,1708500.45,1.641E+12,8115860.412,27180,774722,3682962.458,0
1/1/2022,4.602,4.828,4.374,4.8,1342121.2,1.64108E+12,6134469.158,20629,697948.49,3194849.259,0
1/2/2022,4.791,4.869,4.522,4.572,724217.95,1.64117E+12,3384089.937,12786,379542.57,1776976.08,0
1/3/2022,4.572,5.415,4.51,5.262,3801926.52,1.64125E+12,19161925.96,57306,1893649.68,9533745.34,0
1/4/2022,5.264,5.5,4.764,4.813,3928565.29,1.64134E+12,19671015.29,62107,1648378.47,8291375.702,0
1/5/2022,4.814,5.122,4.03,4.278,3805854.49,1.64143E+12,17893618.23,50055,1716749.71,8063753.016,0
1/6/2022,4.278,4.38,4.063,4.172,3791357.58,1.64151E+12,15886042.4,49626,1793016.9,7522364.132,0
1/7/2022,4.175,4.18,3.645,3.686,3518981.52,1.6416E+12,13630066.47,44164,1687711.38,6547148.673,0
1/8/2022,3.693,3.85,3.407,3.58,2230354.95,1.64169E+12,8162794.971,27393,1039165.82,3806854.274,0
1/9/2022,3.578,3.999,3.467,3.763,2556309.59,1.64177E+12,9500728.679,30554,1305143.43,4850115.898,0
1/10/2022,3.764,3.774,3.22,3.499,2142062.36,1.64186E+12,7487279.884,26978,1040525.29,3642036.685,0
1/11/2022,3.501,3.6,3.246,3.475,2675671.99,1.64195E+12,9208868.323,28248,1338628.52,4612709.715,0
1/12/2022,3.481,4,3.304,3.972,2730345.71,1.64203E+12,9960055.962,32200,1396841.16,5107878.101,0
1/13/2022,3.972,4.077,3.532,3.547,2870440.77,1.64212E+12,10923344.54,34450,1357126.02,5178685.658,0
1/14/2022,3.549,3.628,3.31,3.53,1991966.32,1.6422E+12,6944512.949,24698,983282.52,3432225.841,0
1/15/2022,3.529,3.782,3.459,3.637,1165911.26,1.64229E+12,4194562.714,15653,561942.56,2026299.805,0
1/16/2022,3.636,3.768,3.54,3.598,1114316.32,1.64238E+12,4044077.937,13254,532003.08,1932147.851,0
1/17/2022,3.597,3.625,3.13,3.199,1810616.79,1.64246E+12,6010986.815,20258,865859.21,2874431.986,0
1/18/2022,3.197,3.319,2.88,3,2447852.63,1.64255E+12,7432054.736,26407,1205580.43,3660228.336,0
1/19/2022,3,3.187,2.758,2.965,2757651.67,1.64264E+12,8192189.547,31158,1500900.49,4463185.858,0
1/20/2022,2.964,3.372,2.82,2.829,2467611.47,1.64272E+12,7647893.476,27615,1223451.23,3795464.543,0
1/21/2022,2.827,2.901,2.262,2.415,5283958.03,1.64281E+12,13570516.81,45158,2407500.86,6206025.763,0
1/22/2022,2.413,2.503,1.962,2.145,3383954.01,1.6429E+12,7523914.851,30081,1412434.06,3125790.693,0
1/23/2022,2.145,2.38,2.099,2.25,1933706.86,1.64298E+12,4284070.036,19765,1014360.5,2244324.151,0
1/24/2022,2.248,2.338,1.801,2.275,3273887.7,1.64307E+12,6633684.859,32012,1732296.12,3517732.853,0
1/25/2022,2.275,2.428,2.187,2.301,2482562.42,1.64316E+12,5722250.707,21168,1266778.07,2924820.903,0
1/26/2022,2.304,2.637,2.245,2.496,2928949.01,1.64324E+12,7156284.088,28980,1603628.96,3918289.268,0
1/27/2022,2.498,2.632,2.361,2.493,2928525.16,1.64333E+12,7328542.666,27227,1705248.29,4264938.913,0
1/28/2022,2.493,2.854,2.425,2.835,1897069.95,1.64341E+12,4951463.527,18402,990393.57,2574374.212,0
1/29/2022,2.837,3.247,2.835,3.179,4572167.03,1.6435E+12,14075924.57,46466,2310677.35,7113588.71,0
1/30/2022,3.187,3.775,2.947,3.077,5756756.93,1.64359E+12,19492701.96,52723,2697536.92,9101908.321,0
1/31/2022,3.079,3.664,2.85,3.493,5877567.75,1.64367E+12,19385261.69,55797,2789031.27,9205936.456,0
2/1/2022,3.494,4.06,3.421,3.74,5556947.67,1.64376E+12,20791705.48,58772,2892437.33,10835016.07,0
2/2/2022,3.739,4.26,3.25,3.26,10715918.19,1.64385E+12,39851325.01,111294,5149941.28,19074713.84,0
2/3/2022,3.264,3.49,3.14,3.367,6625649.72,1.64393E+12,21937338.55,69509,3333958.67,11055974.86,0
2/4/2022,3.366,3.667,3.247,3.61,5160967.19,1.64402E+12,17864479.69,57490,2539026.5,8802821.601,0
2/5/2022,3.609,4.008,3.494,3.712,5290258.03,1.64411E+12,19963870.94,58946,2531945.95,9566046.355,0
2/6/2022,3.712,3.85,3.402,3.573,3514899.75,1.64419E+12,12800281.41,38364,1646401.4,6000619.452,0
2/7/2022,3.575,3.85,3.455,3.643,4141495.38,1.64428E+12,15227033.28,42705,1951122.15,7177915.397,0
2/8/2022,3.645,3.75,3.207,3.393,3809107.82,1.64436E+12,13071762.18,39387,1765735.68,6061349.849,0
2/9/2022,3.392,3.492,3.208,3.329,3778386.7,1.64445E+12,12643216.96,37560,1816664.62,6082995.026,0
2/10/2022,3.327,3.48,3.02,3.075,4585635.63,1.64454E+12,14856212,46795,2229815.65,7222659.075,0
2/11/2022,3.077,3.159,2.581,2.677,4034861.06,1.64462E+12,11866083.47,40119,1907876.96,5618452.118,0
2/12/2022,2.676,2.785,2.53,2.694,3744651.67,1.64471E+12,9943147.483,34396,1890583.83,5022625.842,0
2/13/2022,2.694,2.976,2.486,2.566,4230670.72,1.6448E+12,11739344.53,38892,2011317.58,5594402.856,0
2/14/2022,2.567,2.897,2.53,2.831,3492708.46,1.64488E+12,9510340.036,31317,1798424.02,4902296.67,0
2/15/2022,2.834,3.277,2.834,3.249,4297978.47,1.64497E+12,13288508.32,42319,2131921.91,6597313.983,0
2/16/2022,3.254,4.04,2.994,3.201,7089028.07,1.64506E+12,23411676.31,62166,3413607.82,11304496.73,0
2/17/2022,3.2,3.346,2.723,2.793,3599727.14,1.64514E+12,10790994.16,36333,1685084.86,5051385.79,0
2/18/2022,2.791,3.009,2.671,2.696,2882244.84,1.64523E+12,8115249.868,32666,1384151.76,3911637.808,0
2/19/2022,2.695,2.785,2.53,2.614,1536785.01,1.64532E+12,4071947.509,17033,740219.04,1963118.877,0
2/20/2022,2.618,2.619,2.337,2.463,2101785.49,1.6454E+12,5126254.554,19020,983227.14,2397031.754,0
2/21/2022,2.465,2.88,2.301,2.361,4991440.66,1.64549E+12,13165280.35,56282,2575466.86,6812998.389,0
2/22/2022,2.363,2.504,2.215,2.46,3669058.38,1.64557E+12,8668364.391,34023,1863641.4,4405296.832,0
2/23/2022,2.463,2.647,2.344,2.354,3335058.6,1.64566E+12,8437493.619,32783,1620162.39,4105800.817,0
2/24/2022,2.354,2.378,2,2.34,8048710.21,1.64575E+12,17755457.62,59298,4049927.29,8978693.423,0
2/25/2022,2.341,2.6,2.317,2.587,5383524.46,1.64583E+12,12987846.76,39568,2859609.52,6904891.323,0
2/26/2022,2.587,2.718,2.45,2.458,2764562.26,1.64592E+12,7144313.435,21915,1478196.4,3817185.789,0
2/27/2022,2.458,2.543,2.331,2.382,4158866.16,1.64601E+12,10072506.16,26238,2104857.2,5067212.768,0
2/28/2022,2.384,2.687,2.357,2.674,3062683.64,1.64609E+12,7704101.615,20990,1912718.34,4825570.438,0
3/1/2022,2.674,3.125,2.531,2.979,5403659.82,1.64618E+12,15003079.99,48522,2798211.68,7778512.036,0
3/2/2022,2.979,3.33,2.861,2.892,6942893.6,1.64627E+12,21467092.89,79607,3527563.44,10934139.83,0
3/3/2022,2.892,2.944,2.651,2.751,3798058.65,1.64635E+12,10643426.73,30667,1815707.73,5089500.431,0
3/4/2022,2.751,2.758,2.484,2.505,3351099.88,1.64644E+12,8712069.101,23873,1530298.04,3974575.191,0
3/5/2022,2.507,2.695,2.475,2.618,2183375.32,1.64652E+12,5665931.211,18358,1109621.76,2880749.353,0
3/6/2022,2.619,2.642,2.48,2.53,1779377.9,1.64661E+12,4523396.967,14547,874375.25,2221962.357,0
3/7/2022,2.532,2.601,2.412,2.484,2164095.77,1.6467E+12,5414547.609,18387,1117195.09,2797993.508,0
3/8/2022,2.486,2.559,2.437,2.506,1346165.55,1.64678E+12,3354517.997,11081,650385.4,1621007.568,0
3/9/2022,2.507,2.779,2.5,2.65,2513994.18,1.64687E+12,6733317.199,20244,1317450.27,3530566.388,0
3/10/2022,2.647,2.656,2.478,2.506,1502734.37,1.64696E+12,3793454.365,13686,672331.01,1696392.366,0
3/11/2022,2.506,2.559,2.351,2.382,1627876.43,1.64704E+12,4014935.88,14634,699214.79,1728278.143,0
3/12/2022,2.382,2.419,2.354,2.354,711405.41,1.64713E+12,1694997.308,6653,303077.74,722224.6911,0
3/13/2022,2.354,2.403,2.246,2.26,1216846.55,1.64722E+12,2842080.38,8703,538725.91,1259764.545,0
3/14/2022,2.26,2.326,2.226,2.321,821834.34,1.6473E+12,1869452.463,6419,415152.3,944496.8787,0
3/15/2022,2.319,2.356,2.24,2.332,1101491.73,1.64739E+12,2544484.37,7797,518602.02,1199103.776,0
3/16/2022,2.333,2.532,2.271,2.498,2603701.76,1.64748E+12,6196675.64,19356,1317827.11,3146077.73,0
3/17/2022,2.498,2.581,2.414,2.419,1244414.02,1.64756E+12,3102219.673,8667,561812.73,1401103.396,0
3/18/2022,2.42,2.578,2.344,2.556,2665905.07,1.64765E+12,6537671.115,22564,1378005.85,3383854.934,0
3/19/2022,2.556,3.099,2.533,2.713,4562126.17,1.64773E+12,12725591.09,45889,2327010.15,6493003.73,0
3/20/2022,2.713,2.799,2.513,2.603,1464894.16,1.64782E+12,3870319.04,13254,673829.89,1780659.281,0
3/21/2022,2.606,2.772,2.543,2.658,1460378.76,1.64791E+12,3870970.885,15273,765608.67,2032038.108,0
3/22/2022,2.658,2.91,2.624,2.814,2276722.97,1.64799E+12,6332916.891,20712,1228245.4,3420044.817,0
3/23/2022,2.815,2.874,2.718,2.807,1433896.4,1.64808E+12,3989174.295,13036,682728.63,1899546.06,0
3/24/2022,2.807,2.95,2.785,2.841,1722814.34,1.64817E+12,4911220.379,16532,860171.78,2454807.537,0
3/25/2022,2.841,2.921,2.733,2.744,1471009.83,1.64825E+12,4144070.265,14676,726437.58,2049248.816,0
3/26/2022,2.744,2.75,2.622,2.708,1138274.22,1.64834E+12,3059149.662,12070,519135.14,1396189.893,0
3/27/2022,2.708,2.816,2.467,2.798,1932590.39,1.64843E+12,5206851.44,19227,1001363.47,2699740.726,0
3/28/2022,2.798,3.113,2.767,2.939,3683010.17,1.64851E+12,10985006.9,35562,2002817.06,5978030.578,0
3/29/2022,2.939,3.141,2.856,2.937,1919706.05,1.6486E+12,5740987.794,20140,936329.81,2803172.664,0
3/30/2022,2.937,3.05,2.831,3.001,1191953.13,1.64868E+12,3530261.104,14449,549102.01,1627994.338,0
3/31/2022,3.001,3.299,2.878,2.927,2909040.05,1.64877E+12,9010240.684,34430,1500515.22,4667768.222,0
4/1/2022,2.927,3.1,2.811,2.956,2326152.41,1.64886E+12,6911383.368,20819,1267424.5,3762106.636,0
4/2/2022,2.955,3.241,2.934,3.045,2410629.59,1.64894E+12,7529510.57,24673,1172602.26,3660851.311,0
4/3/2022,3.046,3.183,3.01,3.058,1399110.98,1.64903E+12,4313482.159,12874,641429.24,1981736.099,0
4/4/2022,3.061,3.061,2.73,2.906,2314853.08,1.64912E+12,6735781.151,18557,1096369.88,3190764.229,0
4/5/2022,2.904,2.979,2.777,2.806,1587329.63,1.6492E+12,4558054.897,16911,803143.8,2310355.174,0
4/6/2022,2.806,2.806,2.496,2.497,2154204.89,1.64929E+12,5702044.037,21219,1030497.46,2734895.16,0
4/7/2022,2.496,2.655,2.466,2.586,1497609.71,1.64938E+12,3853203.659,16548,779321.24,2005956.348,0
4/8/2022,2.585,2.611,2.422,2.439,2250110.9,1.64946E+12,5630528.809,17789,991638.43,2481197.237,0
4/9/2022,2.437,2.512,2.402,2.504,763870.76,1.64955E+12,1878095.035,7537,377160.52,929198.1287,0
4/10/2022,2.509,2.579,2.448,2.462,661281.93,1.64964E+12,1655069.186,6421,299439.43,750256.5436,0
4/11/2022,2.458,2.47,2,2.069,2533173.9,1.64972E+12,5582189.242,21573,1099681.01,2422396.439,0
4/12/2022,2.072,2.158,2,2.057,3914265,1.64981E+12,8052402.991,29142,1661606.81,3434645.69,0
4/13/2022,2.053,2.12,2.001,2.11,1856081.54,1.64989E+12,3833654.593,15316,886496.06,1834434.659,0
4/14/2022,2.108,2.13,1.95,2.015,2341413.35,1.64998E+12,4770284.053,17432,1046009.2,2138996.476,0
4/15/2022,2.012,2.064,2.003,2.034,923774.81,1.65007E+12,1876032.471,8125,444654.46,903921.3985,0
4/16/2022,2.034,2.048,2.001,2.008,774622.13,1.65015E+12,1565014.4,6177,378519.1,765610.772,0
4/17/2022,2.006,2.048,1.975,2.008,1297795.79,1.65024E+12,2605524.506,9014,510578.53,1026732.556,0
4/18/2022,2.006,2.042,1.879,2.007,2738295.84,1.65033E+12,5362815.896,20082,1180867.16,2307366.439,0
4/19/2022,2.01,2.182,2.006,2.147,3403619.34,1.65041E+12,7109632.606,25446,1633087.25,3410797.435,0
4/20/2022,2.144,2.207,2.024,2.053,2405742.23,1.6505E+12,5096132.699,18030,1129962.39,2396909.86,0
4/21/2022,2.051,2.127,1.91,1.912,1692347.14,1.65059E+12,3452453.901,14237,768252.31,1569719.11,0
4/22/2022,1.912,1.97,1.848,1.936,1678870.41,1.65067E+12,3206608.003,14505,828441.35,1583426.908,0
4/23/2022,1.936,1.936,1.85,1.861,1143877.11,1.65076E+12,2155946.892,8315,592116.26,1116714.032,0
4/24/2022,1.86,1.89,1.763,1.773,1081427.33,1.65084E+12,1968465.405,8598,472410.57,861968.6774,0
4/25/2022,1.774,1.8,1.566,1.731,3084642.12,1.65093E+12,5164280.3,21820,1508954.35,2528629.316,0
4/26/2022,1.731,1.75,1.484,1.498,2848379.91,1.65102E+12,4475827.641,20305,1477864.27,2319533.962,0
4/27/2022,1.501,1.555,1.44,1.486,1937457.17,1.6511E+12,2899240.462,12882,961088.92,1439747.546,0
4/28/2022,1.485,1.622,1.478,1.563,3048476.38,1.65119E+12,4723452.215,21088,1455415.09,2257942.756,0
4/29/2022,1.562,1.601,1.369,1.391,2086537.28,1.65128E+12,3042450.357,14337,930219.68,1352084.438,0
4/30/2022,1.394,1.421,1.2,1.213,1701621.28,1.65136E+12,2236055.898,11855,731477.78,963853.7446,0
5/1/2022,1.213,1.8,1.212,1.597,21345327.28,1.65145E+12,33619166.36,131712,11212041.97,17679751.5,0
5/2/2022,1.598,1.917,1.519,1.697,14643176.67,1.65154E+12,24293578.64,78426,7058189.27,11735907.07,0
5/3/2022,1.699,1.769,1.475,1.497,4892643.9,1.65162E+12,8019477.607,22706,2215816.61,3640808.333,0
5/4/2022,1.497,1.811,1.489,1.742,5211194.64,1.65171E+12,8525283.733,29272,2670759.7,4378342.379,0
5/5/2022,1.741,1.893,1.479,1.612,6728880.93,1.6518E+12,11196548.15,28106,3412832.59,5697973.29,0
5/6/2022,1.611,1.618,1.463,1.509,5911332.82,1.65188E+12,9061501.717,19303,3170495.56,4870910.216,0
5/7/2022,1.508,1.514,1.298,1.342,4189309.99,1.65197E+12,5970432.212,14249,2127891.53,3042143.159,0
5/8/2022,1.342,1.364,1.28,1.297,2895871.93,1.65205E+12,3827822.151,12192,1446692.58,1916558.775,0
5/9/2022,1.297,1.32,1.064,1.118,5163165.34,1.65214E+12,6150815.347,19301,2511367.67,2996308.031,0
5/10/2022,1.117,1.262,1.061,1.169,7025511.7,1.65223E+12,8243348.729,24360,3576945.53,4193745.365,0
5/11/2022,1.165,1.193,0.717,0.818,10109981.1,1.65231E+12,9227223.612,30798,4884161.19,4444996.621,0
5/12/2022,0.816,0.882,0.603,0.785,9534318.77,1.6524E+12,6855172.951,27167,5039517.92,3626973.462,0
5/13/2022,0.787,1.09,0.783,0.858,5495377.19,1.65249E+12,5159101.66,18069,2605883.94,2438501.763,0
5/14/2022,0.86,0.905,0.744,0.862,3910571.98,1.65257E+12,3253883.746,12057,2305449.87,1928183.384,0
5/15/2022,0.862,0.949,0.8,0.948,4427749.9,1.65266E+12,3766514.93,10329,2027415.4,1727727.631,0
5/16/2022,0.948,1.096,0.832,0.963,7896454,1.65275E+12,7451830.751,24725,3873138.53,3671798.838,0
5/17/2022,0.962,1.112,0.907,0.981,5696025.64,1.65283E+12,5710615.621,16630,2886633.92,2889556.579,0
5/18/2022,0.981,0.997,0.82,0.828,3367653.35,1.65292E+12,3022454.998,10250,1429432.63,1288774.034,0
5/19/2022,0.829,0.937,0.82,0.924,2613003.83,1.653E+12,2280452.372,7524,1098453.91,961747.9341,0
5/20/2022,0.926,0.947,0.853,0.873,2913694.22,1.65309E+12,2630389.363,6607,1055446.31,953872.0068,0
5/21/2022,0.872,0.931,0.854,0.896,1220623.03,1.65318E+12,1096708.216,3789,655716.99,590522.8345,0
5/22/2022,0.896,0.94,0.867,0.901,1709295.15,1.65326E+12,1540243.355,5732,786370.84,709719.7986,0
5/23/2022,0.9,0.959,0.847,0.857,2789044.92,1.65335E+12,2542423.17,8438,1232206.74,1127407.911,0
5/24/2022,0.857,0.917,0.825,0.916,2334012.79,1.65344E+12,2032675.72,7507,1064200.65,927188.4435,0
5/25/2022,0.917,0.929,0.863,0.867,1712465.3,1.65352E+12,1530015.839,6945,740163.34,660762.0166,0
5/26/2022,0.867,0.882,0.741,0.742,2784688.41,1.65361E+12,2228793.507,9486,1125493.32,903811.8861,0
5/27/2022,0.743,0.768,0.676,0.695,3440412.82,1.6537E+12,2482920.169,10777,1822714.2,1316884.142,0
5/28/2022,0.696,0.73,0.686,0.711,1161339.83,1.65378E+12,828570.4462,4644,652024.16,465310.1002,0
5/29/2022,0.71,0.724,0.68,0.714,1424149.33,1.65387E+12,1001817.119,5529,658440.06,463610.7745,0
5/30/2022,0.714,0.87,0.707,0.839,4348426.6,1.65396E+12,3520320.875,12371,2152297.06,1742353.276,0
5/31/2022,0.84,0.92,0.787,0.85,10056931.83,1.65404E+12,8718670.468,23655,5336911.32,4644557.452,0
6/1/2022,0.851,0.856,0.721,0.741,4855204.6,1.65413E+12,3937803.554,12372,2440306.72,1989539.798,0
6/2/2022,0.742,0.775,0.724,0.77,1181183.4,1.65421E+12,880807.2057,4409,638635.8,476879.8942,0
6/3/2022,0.771,0.772,0.705,0.715,1337211.78,1.6543E+12,976397.145,5091,566862.28,416189.3921,0
6/4/2022,0.715,0.732,0.692,0.723,883504.79,1.65439E+12,628826.5846,3137,393982.71,280411.5191,0
6/5/2022,0.724,0.727,0.678,0.718,960819.83,1.65447E+12,676703.5261,3189,440522.13,311097.4925,0
6/6/2022,0.718,0.795,0.68,0.71,3775948.68,1.65456E+12,2738484.733,11375,2056722.23,1489402.335,0
6/7/2022,0.711,0.749,0.654,0.703,3125334.17,1.65465E+12,2174436.121,8497,1525780.29,1065462.027,0
6/8/2022,0.704,0.721,0.682,0.685,1236189.45,1.65473E+12,865312.9479,4748,587442.71,411986.9761,0
6/9/2022,0.685,0.717,0.667,0.694,1224220.79,1.65482E+12,847684.4025,4235,615140.39,427120.1735,0
6/10/2022,0.694,0.71,0.609,0.62,2998480.62,1.65491E+12,1961949.905,9179,1384676.35,910001.6801,0
6/11/2022,0.62,0.634,0.547,0.562,2456167.37,1.65499E+12,1432050.12,7647,1107187.27,646208.6411,0
6/12/2022,0.562,0.593,0.493,0.51,3484528.9,1.65508E+12,1857395.789,9070,1649861.33,879674.8065,0
6/13/2022,0.51,0.551,0.359,0.403,17552964.59,1.65516E+12,7380856.341,31249,9996095.24,4209835.217,0
6/14/2022,0.403,0.459,0.361,0.385,9659861.14,1.65525E+12,3863349.231,16054,5150112.86,2064530.59,0
6/15/2022,0.383,0.424,0.325,0.411,11815944.77,1.65534E+12,4267522.773,19222,6101023.46,2201284.029,0
6/16/2022,0.412,0.419,0.33,0.34,6651142.2,1.65542E+12,2432987.091,12287,3569200.22,1306005.059,0
6/17/2022,0.341,0.37,0.337,0.345,4141296.39,1.65551E+12,1453306.869,6719,2322488.6,815788.3279,0
6/18/2022,0.344,0.364,0.274,0.323,7099284.47,1.6556E+12,2210141.991,10590,3709329.25,1157679.101,0
6/19/2022,0.324,0.587,0.295,0.43,41284498.53,1.65568E+12,18157571.17,75642,20845584.28,9178242.05,0
6/20/2022,0.43,0.543,0.422,0.435,61045782.26,1.65577E+12,29142877.98,99745,32528794.95,15574369.78,0
6/21/2022,0.435,0.505,0.416,0.437,16192742.62,1.65586E+12,7564849.815,27399,7908764.72,3699406.952,0
6/22/2022,0.438,0.555,0.413,0.492,25110527.22,1.65594E+12,12281911.58,43617,12817056.08,6284825.958,0
6/23/2022,0.493,0.62,0.492,0.555,27518718.64,1.65603E+12,15408633.33,46656,14502470.61,8128754.908,0
6/24/2022,0.555,0.621,0.532,0.558,12332061.2,1.65612E+12,7130606.828,24551,5828308.27,3376374.977,0
6/25/2022,0.558,0.575,0.506,0.543,5481899.11,1.6562E+12,2971339.321,12127,2555394.35,1386637.413,0
6/26/2022,0.543,0.555,0.477,0.48,4622185.82,1.65629E+12,2414234.327,10481,2095576.7,1098548.602,0
6/27/2022,0.48,0.548,0.47,0.482,5932322.26,1.65637E+12,2986273.876,13089,3031757.08,1528898.581,0
6/28/2022,0.482,0.705,0.482,0.607,34927817.3,1.65646E+12,21198491.18,86532,17180604.19,10457238.89,0
6/29/2022,0.606,0.637,0.553,0.586,13796283.04,1.65655E+12,8148611.637,33532,6886178.03,4070195.76,0
6/30/2022,0.586,0.586,0.485,0.529,6222148.68,1.65663E+12,3227364.133,17505,2642681,1369186.768,0
7/1/2022,0.531,0.548,0.48,0.49,5140353.11,1.65672E+12,2619211.679,13049,2268774.95,1157514.28,0
7/2/2022,0.49,0.581,0.456,0.512,8557930.59,1.65681E+12,4376973.986,19429,4716661.24,2420279.195,0
7/3/2022,0.511,0.53,0.491,0.511,6805334.71,1.65689E+12,3450367.713,14457,3509180.23,1783256.551,0
7/4/2022,0.512,0.531,0.487,0.525,3755985.17,1.65698E+12,1920525.201,8697,1911859.02,980879.898,0
7/5/2022,0.526,0.528,0.48,0.503,3912684.58,1.65707E+12,1972480.75,9478,1722297.88,870951.6469,0
7/6/2022,0.503,0.528,0.49,0.514,2925948.21,1.65715E+12,1495260.01,6916,1515019.66,775732.92,0
7/7/2022,0.514,0.58,0.506,0.549,8339701.24,1.65724E+12,4585604.491,16933,4033924.81,2221884.05,0
7/8/2022,0.55,0.579,0.499,0.513,4784196.81,1.65732E+12,2537681.224,11374,2217785.74,1178740.552,0
7/9/2022,0.515,0.538,0.511,0.521,2546026.51,1.65741E+12,1328423.809,5920,1349333.37,705516.5129,0
7/10/2022,0.521,0.533,0.49,0.501,2893515.99,1.6575E+12,1466447.057,7162,1348296.74,684052.8887,0
7/11/2022,0.5,0.531,0.483,0.495,5786029,1.65758E+12,2969473.46,11226,2786242.95,1434065.332,0
7/12/2022,0.495,0.505,0.463,0.464,2790584.04,1.65767E+12,1350528.905,6733,1233365.35,596767.0567,0
7/13/2022,0.465,0.504,0.434,0.5,3769838.26,1.65776E+12,1767126.542,10161,1914727.77,899579.3022,0
7/14/2022,0.5,0.51,0.469,0.508,3452540.61,1.65784E+12,1681546.788,7884,1574500.43,769475.3004,0
7/15/2022,0.508,0.549,0.491,0.518,3616819.65,1.65793E+12,1865063.567,10172,1821080.41,941643.1246,0
7/16/2022,0.52,0.545,0.499,0.529,2879151.86,1.65802E+12,1495109.222,7351,1333583.08,694212.3288,0
7/17/2022,0.529,0.55,0.508,0.514,2881850.4,1.6581E+12,1525497.179,8088,1387900.6,736620.6935,0
7/18/2022,0.515,0.598,0.514,0.587,5268889.33,1.65819E+12,3006970.951,12800,2866073.25,1635304.175,0
7/19/2022,0.585,0.658,0.554,0.619,9408623.01,1.65828E+12,5815570.161,26641,5023528.57,3103407.901,0
7/20/2022,0.62,0.649,0.552,0.56,6290495.96,1.65836E+12,3750294.46,18117,2855757.32,1707883.016,0
7/21/2022,0.559,0.586,0.537,0.567,2933257.67,1.65845E+12,1633751.344,9660,1453954.31,812127.1662,0
7/22/2022,0.568,0.604,0.544,0.546,3865914.56,1.65853E+12,2231004.972,10743,1825765.15,1055628.407,0
7/23/2022,0.545,0.594,0.537,0.562,6465283.85,1.65862E+12,3638436.431,14804,3174859.01,1791892.688,0
7/24/2022,0.562,0.656,0.558,0.605,14297985.61,1.65871E+12,8782132.257,35786,7282849.26,4473745.325,0
7/25/2022,0.604,0.606,0.546,0.549,5198954.61,1.65879E+12,3032211.737,13899,2335943.6,1365509.223,0
7/26/2022,0.551,0.556,0.509,0.539,3182189.4,1.65888E+12,1684110.07,8208,1602020.38,847426.9528,0
7/27/2022,0.538,0.591,0.527,0.579,4327515.13,1.65897E+12,2427015.365,13436,2174183.88,1221414.533,0
7/28/2022,0.58,0.63,0.567,0.598,4544719.5,1.65905E+12,2699929.189,11385,2289037.28,1361984.06,0
7/29/2022,0.597,0.643,0.575,0.606,4791370.8,1.65914E+12,2911919.822,12248,2427455.91,1476227.384,0
7/30/2022,0.606,0.644,0.592,0.6,2709850.65,1.65923E+12,1677387.768,7808,1145311.56,711226.1099,0
7/31/2022,0.601,0.86,0.596,0.726,30568001.34,1.65931E+12,22922154.31,97930,15736391.38,11832239.8,0
8/1/2022,0.726,0.761,0.655,0.708,6777261.06,1.6594E+12,4722556.153,24886,3222107.31,2244561.95,0
8/2/2022,0.707,0.722,0.631,0.685,4829669.65,1.65948E+12,3280319.294,15956,2457684.5,1669867.511,0
8/3/2022,0.685,0.755,0.66,0.707,4131694.75,1.65957E+12,2959436.265,16478,1994769.43,1431717.208,0
8/4/2022,0.706,0.725,0.666,0.684,2551599.27,1.65966E+12,1768401.615,9612,1160579.55,806358.3016,0
8/5/2022,0.684,0.815,0.684,0.766,7704039.19,1.65974E+12,5799905.651,26995,3841061.55,2890955.856,0
8/6/2022,0.767,0.768,0.725,0.729,2089290.78,1.65983E+12,1552888.432,7807,940542.02,700044.1125,0
8/7/2022,0.729,0.765,0.712,0.744,1919711.86,1.65992E+12,1417854.773,7050,934411.23,690753.9299,0
8/8/2022,0.744,0.844,0.741,0.764,3882160.05,1.66E+12,3047540.073,14117,1908449.58,1501461.251,0
8/9/2022,0.766,0.768,0.69,0.706,3274866.73,1.66009E+12,2372610.636,10726,1552591.18,1125201.788,0
8/10/2022,0.707,0.777,0.675,0.725,4051516.02,1.66018E+12,2961789.181,14952,1959152.72,1434307.933,0
8/11/2022,0.725,0.759,0.695,0.705,3001728.81,1.66026E+12,2190177.925,11282,1445345.43,1059260.661,0
8/12/2022,0.707,0.731,0.692,0.729,1688761.84,1.66035E+12,1205824.067,7657,820214.97,586667.5958,0
8/13/2022,0.729,0.799,0.716,0.792,5429617.42,1.66044E+12,4146611.62,21783,2703251.06,2069414.523,0
8/14/2022,0.792,0.798,0.719,0.722,4282919.87,1.66052E+12,3242907.901,12172,1745200.06,1322651.371,0
8/15/2022,0.722,0.743,0.676,0.688,2794683.49,1.66061E+12,1969121.538,11015,1327401.15,936579.8082,0
8/16/2022,0.688,0.701,0.655,0.668,1935791.48,1.66069E+12,1315312.179,7148,946227.33,643297.5356,0
8/17/2022,0.668,0.711,0.625,0.641,3758555.46,1.66078E+12,2484784.459,11818,1711650.69,1138336.115,0
8/18/2022,0.642,0.66,0.604,0.611,1959516.39,1.66087E+12,1252726.474,7335,891864.54,570414.859,0
8/19/2022,0.611,0.611,0.544,0.553,2720652.85,1.66095E+12,1557446.319,10489,1227843.5,702141.2093,0
8/20/2022,0.553,0.572,0.528,0.545,1241080.79,1.66104E+12,686647.1708,4855,613857.14,339863.505,0
8/21/2022,0.545,0.697,0.543,0.606,12957291.19,1.66113E+12,8271278.247,44259,6441111.49,4121370.984,0
8/22/2022,0.606,0.648,0.588,0.611,5814159.79,1.66121E+12,3536960.612,14778,2743586.66,1675434.625,0
8/23/2022,0.612,0.62,0.581,0.603,2577509.6,1.6613E+12,1560099.125,7613,1074417.38,650719.1792,0
8/24/2022,0.604,0.624,0.569,0.58,2597825.55,1.66139E+12,1534655.806,9031,1307736.52,774140.1678,0
8/25/2022,0.58,0.601,0.57,0.574,1847062.6,1.66147E+12,1081944.846,5778,838484.81,491725.7086,0
8/26/2022,0.574,0.584,0.5,0.515,4066808.11,1.66156E+12,2215724.876,12465,1985515.61,1084947.534,0
8/27/2022,0.515,0.58,0.494,0.517,5031856.45,1.66164E+12,2655517.234,15847,2470274.47,1303481.995,0
8/28/2022,0.517,0.578,0.503,0.506,5412976.97,1.66173E+12,2892426.612,16387,2507536.59,1343987.154,0
8/29/2022,0.507,0.559,0.502,0.545,4311115.81,1.66182E+12,2286322.32,12566,2149813.44,1140314.563,0
8/30/2022,0.544,0.55,0.505,0.523,2268849.3,1.6619E+12,1201842.05,7150,1032942.77,547882.496,0
8/31/2022,0.524,0.544,0.511,0.513,1700600.05,1.66199E+12,898653.6934,6556,759741.42,402615.9729,0
9/1/2022,0.514,0.526,0.499,0.524,1049569.28,1.66208E+12,536332.453,3902,457528.39,234210.5287,0
9/2/2022,0.524,0.546,0.508,0.52,2362638.05,1.66216E+12,1241476.659,5755,1227272.61,645652.4029,0
9/3/2022,0.52,0.522,0.5,0.51,735191.85,1.66225E+12,375153.8997,2116,346671.85,176981.9497,0
9/4/2022,0.51,0.521,0.496,0.517,1170861.65,1.66234E+12,595148.9208,3131,571939.32,291410.3461,0
9/5/2022,0.517,0.522,0.474,0.5,3091546.21,1.66242E+12,1529281.752,7995,1512211.75,748044.2057,0
9/6/2022,0.5,0.51,0.466,0.47,3058649.67,1.66251E+12,1506593.139,7822,1353089.87,670588.09,0
9/7/2022,0.469,0.522,0.458,0.507,4658200.62,1.6626E+12,2318472.34,11028,2501089.22,1246556.32,0
9/8/2022,0.508,0.697,0.49,0.551,13063378.82,1.66268E+12,7387829.937,36461,6601568.73,3752004.326,0
9/9/2022,0.551,0.622,0.533,0.566,4868840.92,1.66277E+12,2700559.639,15050,2132028.5,1187145.61,0
9/10/2022,0.565,0.645,0.557,0.581,6711886.71,1.66285E+12,3962768.065,19128,3260609.37,1931584.488,0
9/11/2022,0.582,0.605,0.55,0.564,3211234.41,1.66294E+12,1859414.511,9249,1450760.24,841918.5951,0
9/12/2022,0.563,0.599,0.535,0.569,3139495.03,1.66303E+12,1774795.266,9567,1464480.91,829761.6697,0
9/13/2022,0.57,0.58,0.506,0.508,2986178.56,1.66311E+12,1599945.634,9069,1445294,777267.1024,0
9/14/2022,0.508,0.533,0.502,0.515,2607519.8,1.6632E+12,1350296.07,8229,1207305.44,626676.1105,0
9/15/2022,0.514,0.52,0.486,0.5,1949793.38,1.66329E+12,981743.5294,6717,889473.82,448493.8429,0
9/16/2022,0.5,0.501,0.416,0.464,9897587.59,1.66337E+12,4381018.021,29155,4766357.86,2108620.117,0
9/17/2022,0.463,0.524,0.455,0.483,5324235.43,1.66346E+12,2536183.995,15061,2654317.3,1268228.08,0
9/18/2022,0.483,0.485,0.428,0.437,2439641.9,1.66355E+12,1121774.795,6287,1145461.72,527428.7136,0
9/19/2022,0.437,0.481,0.427,0.45,4945951.99,1.66363E+12,2221953.672,13025,2367112.2,1064310.772,0
9/20/2022,0.451,0.503,0.443,0.461,6849588.1,1.66372E+12,3222836.651,17682,3379365.31,1593136.852,0
9/21/2022,0.461,0.49,0.443,0.458,5911712.9,1.6638E+12,2772436.531,13441,2856506.33,1341154.914,0
9/22/2022,0.459,0.48,0.457,0.473,1754658.21,1.66389E+12,821192.9672,4771,927514.36,434483.5829,0
9/23/2022,0.474,0.491,0.461,0.48,2463141.65,1.66398E+12,1178858.033,6579,1216836.01,583490.1063,0
9/24/2022,0.48,0.484,0.453,0.457,1519603.73,1.66406E+12,717204.0421,3489,618683.67,292545.0454,0
9/25/2022,0.457,0.48,0.457,0.461,1089407.84,1.66415E+12,510973.7671,2996,572108.5,268073.1814,0
9/26/2022,0.461,0.498,0.456,0.486,2630034.75,1.66424E+12,1258474.085,7714,1301665.14,622512.6427,0
9/27/2022,0.486,0.502,0.47,0.477,2336607.26,1.66432E+12,1143103.27,6740,1143003.88,560269.2638,0
9/28/2022,0.477,0.48,0.457,0.473,1315355.4,1.66441E+12,614760.8296,4573,637159.75,297971.137,0
9/29/2022,0.474,0.478,0.458,0.467,1016678.79,1.6645E+12,475236.5094,4419,431317.22,201906.6407,0
9/30/2022,0.467,0.473,0.454,0.461,1644275.03,1.66458E+12,763409.8998,5265,727045.79,337990.9322,0
10/1/2022,0.461,0.466,0.453,0.46,445347.21,1.66467E+12,204851.2661,2474,186514.05,85933.98675,0
10/2/2022,0.46,0.469,0.447,0.451,742808.39,1.66476E+12,340368.3425,3575,360032.82,165142.3979,0
10/3/2022,0.451,0.46,0.444,0.458,1484099.02,1.66484E+12,670940.0521,4200,866210.89,391754.6893,0
10/4/2022,0.458,0.588,0.454,0.515,35925476.06,1.66493E+12,19226621.29,62234,19202052.76,10270502.35,0
10/5/2022,0.514,0.539,0.484,0.491,8653798.78,1.66501E+12,4382010.668,19486,4093985.22,2077965.625,0
10/6/2022,0.491,0.503,0.476,0.478,2310449.3,1.6651E+12,1128823.333,6352,1005348.04,492528.2187,0
10/7/2022,0.478,0.483,0.463,0.47,1517414.17,1.66519E+12,715547.8656,5181,690720.33,326059.0867,0
10/8/2022,0.469,0.47,0.449,0.455,1032744.19,1.66527E+12,472414.269,5199,404839.62,185349.1415,0
10/9/2022,0.455,0.487,0.454,0.466,2817459.21,1.66536E+12,1325319.026,9814,1465097.74,690146.6411,0
10/10/2022,0.466,0.468,0.449,0.449,1960409.04,1.66545E+12,898058.6769,5256,781917.71,358462.7738,0
10/11/2022,0.449,0.449,0.422,0.423,2531136.41,1.66553E+12,1095406.46,7207,1174648.94,508966.0831,0
10/12/2022,0.422,0.429,0.411,0.415,1714957.04,1.66562E+12,720497.3659,4823,978690.59,411950.6035,0
10/13/2022,0.416,0.423,0.37,0.41,4091192.55,1.66571E+12,1611452.354,9648,1994396.22,787970.8605,0
10/14/2022,0.411,0.428,0.396,0.4,2520774.51,1.66579E+12,1033073.056,6600,1237325.63,507548.1756,0
10/15/2022,0.4,0.437,0.391,0.413,5318639.05,1.66588E+12,2183869.163,10871,2733036.97,1123615.371,0
10/16/2022,0.414,0.479,0.413,0.434,8595465.74,1.66596E+12,3796665.73,20286,4156674.81,1839599.281,0
10/17/2022,0.434,0.442,0.42,0.426,2233366.43,1.66605E+12,959452.29,4977,872883.6,375276.712,0
10/18/2022,0.427,0.432,0.409,0.424,1745387.57,1.66614E+12,736374.9558,5355,874670.74,369938.4914,0
10/19/2022,0.425,0.457,0.414,0.424,4579607.87,1.66622E+12,1988950.696,11325,2152255.29,936223.2262,0
10/20/2022,0.425,0.46,0.417,0.421,6536158.55,1.66631E+12,2867994.104,14374,3032611.04,1333139.188,0
10/21/2022,0.421,0.438,0.403,0.435,2801069.61,1.6664E+12,1175134.718,6369,1449433.17,607512.2169,0
10/22/2022,0.435,0.527,0.434,0.45,10024358.45,1.66648E+12,4751714.808,25568,5107323.36,2428874.804,0
10/23/2022,0.451,0.507,0.449,0.472,7946574.05,1.66657E+12,3722602.022,16710,3920762.82,1837988.45,0
10/24/2022,0.472,0.535,0.472,0.514,12178845.43,1.66666E+12,6210248.259,33525,6363612.35,3253804.786,0
10/25/2022,0.515,0.542,0.502,0.529,6007796.03,1.66674E+12,3136590.061,13510,3085051.74,1613952.307,0
10/26/2022,0.529,0.557,0.52,0.532,3521510.5,1.66683E+12,1887893.978,8243,1640413.12,880754.5678,0
10/27/2022,0.532,0.539,0.49,0.505,2412795.41,1.66692E+12,1250126.171,7042,1038238.59,539491.5018,0
10/28/2022,0.505,0.563,0.501,0.547,3459799.23,1.667E+12,1841111.309,9970,2031876.05,1077374.085,0
10/29/2022,0.548,0.565,0.535,0.546,2699070.13,1.66709E+12,1482677.941,8941,1177224.39,647687.3198,0
10/30/2022,0.547,0.576,0.536,0.57,3562881.53,1.66717E+12,1988717.809,10427,1792949.47,1002407.899,0
10/31/2022,0.571,0.624,0.567,0.608,6312442.33,1.66726E+12,3778188.785,20472,3130759.56,1877231.931,0
11/1/2022,0.608,0.68,0.588,0.664,8266537.95,1.66735E+12,5188842.876,26465,4741666.51,2974041.905,0
11/2/2022,0.663,0.962,0.658,0.771,42399374.64,1.66743E+12,34010410.45,139275,21850971.65,17552401.32,0
11/3/2022,0.771,0.888,0.73,0.742,14040647.68,1.66752E+12,11177343.49,52376,6695208.69,5337469.58,0
11/4/2022,0.741,0.82,0.697,0.739,7856704.84,1.66761E+12,5803864.623,29812,3607770.85,2668338.821,0
11/5/2022,0.741,0.958,0.733,0.903,25607468.22,1.66769E+12,22418026.92,109775,12962610.1,11364159.36,0
11/6/2022,0.904,1.174,0.89,0.919,35167318.36,1.66778E+12,36073232.8,150673,16900854.26,17388590.02,0
11/7/2022,0.918,0.99,0.765,0.803,19304966.96,1.66787E+12,16955469.78,65559,8800554.5,7754076.756,0
11/8/2022,0.802,0.81,0.516,0.602,22219114.68,1.66795E+12,14948684.02,75767,10383961.9,7009930.792,0
11/9/2022,0.604,0.606,0.39,0.434,15598446.04,1.66804E+12,7779419.775,46581,7405577.94,3711318.597,0
11/10/2022,0.434,0.73,0.424,0.592,30788131.49,1.66812E+12,17906959.9,102474,14991361.46,8725052.041,0
11/11/2022,0.592,0.655,0.501,0.546,17856858.03,1.66821E+12,10302941.27,61710,8893010.94,5145875.175,0
11/12/2022,0.545,0.546,0.479,0.504,7430048.06,1.6683E+12,3814148.626,22958,3544184.14,1820644.405,0
11/13/2022,0.503,0.599,0.474,0.476,11214736.93,1.66838E+12,5909925.977,37063,5231707.04,2776186.701,0
11/14/2022,0.475,0.53,0.459,0.502,6666584.41,1.66847E+12,3294765.13,22539,3030772.93,1499625.634,0
11/15/2022,0.502,0.522,0.485,0.493,4329446.34,1.66856E+12,2177873.851,13630,2026795.24,1021016.99,0
11/16/2022,0.491,0.516,0.47,0.477,4426015.81,1.66864E+12,2157986.44,13883,2027505.99,992241.5748,0
11/17/2022,0.478,0.492,0.471,0.475,3221743.37,1.66873E+12,1542059.557,8952,1417290.48,679804.7885,0
11/18/2022,0.475,0.493,0.47,0.477,2514915.96,1.66882E+12,1208809.644,7147,1081923.69,521161.5355,0
11/19/2022,0.477,0.479,0.457,0.466,2020008.04,1.6689E+12,937230.4109,6245,940955.31,436475.1492,0
11/20/2022,0.465,0.495,0.431,0.433,4546358.38,1.66899E+12,2137377.592,12309,1925501.76,908658.0559,0
11/21/2022,0.434,0.445,0.406,0.419,4311580.47,1.66908E+12,1844034.194,12033,2012879.59,860898.7613,0
11/22/2022,0.419,0.435,0.399,0.428,3591684.35,1.66916E+12,1500907.934,10421,1397376.95,585693.6371,0
11/23/2022,0.429,0.473,0.429,0.466,4900532.03,1.66925E+12,2217432.609,15733,2420219.81,1097067.605,0
11/24/2022,0.465,0.478,0.44,0.451,2935421.11,1.66933E+12,1340010.269,8347,1250435.69,570757.0951,0
11/25/2022,0.452,0.464,0.431,0.444,2401040.32,1.66942E+12,1076617.251,7069,1127935.75,506808.6377,0
11/26/2022,0.445,0.539,0.445,0.509,9838784.89,1.66951E+12,4813700.485,33454,4869704.99,2383061.008,0
11/27/2022,0.509,0.567,0.5,0.507,10116177.24,1.66959E+12,5358507.712,36803,4673125.72,2483056.015,0
11/28/2022,0.508,0.51,0.465,0.47,3906073.2,1.66968E+12,1871129.781,13264,1873638.78,897476.4097,0
11/29/2022,0.469,0.496,0.446,0.474,5869023.76,1.66977E+12,2769237.437,15756,3115914.9,1465843.256,0
11/30/2022,0.475,0.5,0.469,0.493,4730787.09,1.66985E+12,2297965.382,13991,2160952.78,1050229.333,0
12/1/2022,0.492,0.496,0.475,0.477,2551341.98,1.66994E+12,1235894.781,5867,1090981.11,528909.9407,0
12/2/2022,0.477,0.491,0.473,0.483,1820803.7,1.67003E+12,878604.5607,4183,843583.33,407311.2862,0
12/3/2022,0.483,0.529,0.482,0.511,5808015.17,1.67011E+12,2928903.719,16137,2994083.25,1512045.238,0
12/4/2022,0.51,0.549,0.5,0.515,4809534.99,1.6702E+12,2506860.936,14190,2206660.12,1152782.551,0
12/5/2022,0.514,0.537,0.478,0.492,5521612.36,1.67028E+12,2830716.381,15816,2370426.28,1219041.468,0
12/6/2022,0.493,0.523,0.478,0.516,3274851.28,1.67037E+12,1632735.914,8444,1705966.29,850259.7746,0
12/7/2022,0.515,0.529,0.485,0.504,4496386.29,1.67046E+12,2273458.672,12840,2075723.01,1050735.66,0
12/8/2022,0.502,0.532,0.49,0.53,4843080.39,1.67054E+12,2476194.614,12972,2417996.05,1239288.983,0
12/9/2022,0.531,0.552,0.505,0.516,4542338.22,1.67063E+12,2372334.37,11958,1969453.27,1030787.06,0
12/10/2022,0.517,0.535,0.502,0.52,4019395.71,1.67072E+12,2068425.951,11175,1795084.02,926738.0007,0
12/11/2022,0.521,0.525,0.495,0.5,2066710.87,1.6708E+12,1061558.55,5648,841792.13,432658.3995,0
12/12/2022,0.5,0.51,0.485,0.507,2849409.63,1.67089E+12,1410851.848,6744,1420693.11,704851.0047,0
12/13/2022,0.506,0.537,0.486,0.518,6018076.48,1.67098E+12,3098158.265,15534,2660240.84,1369900.706,0
12/14/2022,0.517,0.525,0.499,0.503,1732313.87,1.67106E+12,890049.3997,5286,831833.49,427647.1616,0
12/15/2022,0.502,0.508,0.491,0.497,1569905.83,1.67115E+12,779973.8112,3880,704019.83,350582.2383,0
12/16/2022,0.497,0.51,0.426,0.435,3619357.43,1.67124E+12,1731606.929,9684,1649189.8,791730.8919,0
12/17/2022,0.435,0.455,0.429,0.448,2119798.63,1.67132E+12,938892.7179,5579,1027207.77,454853.8071,0
12/18/2022,0.448,0.452,0.441,0.449,741135.39,1.67141E+12,331266.131,2296,366807.74,164250.9629,0
12/19/2022,0.449,0.453,0.409,0.42,2212736.89,1.67149E+12,962598.7047,5458,843045.91,365327.2339,0
12/20/2022,0.42,0.44,0.417,0.431,1965693.46,1.67158E+12,850055.1973,5843,842464.75,364687.1576,0
12/21/2022,0.432,0.433,0.409,0.415,1677690.43,1.67167E+12,702354.5638,5489,735333.01,308390.2156,0
12/22/2022,0.415,0.448,0.41,0.427,2804964.51,1.67175E+12,1203860.009,8222,1260863.83,540939.773,0
12/23/2022,0.428,0.45,0.425,0.429,3144791.25,1.67184E+12,1370540.939,7427,1430712.93,623588.7214,0
12/24/2022,0.429,0.431,0.423,0.423,991468.22,1.67193E+12,423517.5717,4458,430102.23,183954.7998,0
12/25/2022,0.423,0.428,0.407,0.412,1603103.41,1.67201E+12,669632.8436,4977,772974.06,322949.5476,0
12/26/2022,0.412,0.42,0.409,0.418,841068.12,1.6721E+12,349556.3223,2259,511630.71,212840.0042,0
12/27/2022,0.419,0.424,0.408,0.417,1232462.89,1.67219E+12,512932.901,3351,613329,255555.3918,0
12/28/2022,0.417,0.46,0.405,0.422,4786905.09,1.67227E+12,2084361.883,15532,2372839.03,1035217.66,0
12/29/2022,0.421,0.437,0.402,0.404,2693684.66,1.67236E+12,1134872.932,6262,1197634.6,506124.1763,0
12/30/2022,0.404,0.411,0.397,0.407,1715408.32,1.67244E+12,692647.4855,5763,817013.77,330540.0197,0
12/31/2022,0.406,0.413,0.4,0.403,1242668.21,1.67253E+12,503153.7568,4746,584354.2,236904.9649,0
1/1/2023,0.403,0.409,0.4,0.404,973077.17,1.67262E+12,391479.0319,3180,414082.3,166929.8988,0
1/2/2023,0.404,0.417,0.402,0.412,868429.03,1.6727E+12,358005.1922,2271,427645.15,176542.9153,0
1/3/2023,0.414,0.419,0.402,0.41,1277078.01,1.67279E+12,526022.596,2909,599028.75,246880.5348,0
1/4/2023,0.409,0.426,0.396,0.414,3285763.49,1.67288E+12,1350366.59,6193,1702419.07,698733.7853,0
1/5/2023,0.414,0.437,0.408,0.417,2487329.07,1.67296E+12,1049332.674,6174,1301790.84,550524.9274,0
1/6/2023,0.418,0.421,0.404,0.419,1585731.34,1.67305E+12,655998.5933,5423,701071.78,290891.1141,0
1/7/2023,0.421,0.433,0.408,0.41,3190310.05,1.67314E+12,1343666.902,8257,1254934.64,528378.1359,0
1/8/2023,0.411,0.438,0.408,0.436,2772301.49,1.67322E+12,1162773.396,7338,1459564.22,613696.7957,0
1/9/2023,0.436,0.461,0.428,0.448,5863138.21,1.67331E+12,2597949.377,14901,2937846.01,1304491.788,0
1/10/2023,0.448,0.47,0.435,0.453,4395908.57,1.6734E+12,1968680.769,10936,1984553.09,887513.9414,0
1/11/2023,0.454,0.46,0.435,0.452,3048272.31,1.67348E+12,1358597.704,6412,1502985.35,671127.5102,0
1/12/2023,0.451,0.475,0.436,0.456,7063389.69,1.67357E+12,3212093.841,14467,3840496.4,1748662.185,0
1/13/2023,0.456,0.564,0.454,0.542,22724443.58,1.67365E+12,11818333.06,48873,12156572.9,6307228.82,0
1/14/2023,0.542,0.609,0.517,0.561,14988144.44,1.67374E+12,8351150.34,33080,7208354.96,4013160.515,0
1/15/2023,0.56,0.608,0.508,0.571,9531357.3,1.67383E+12,5233451.551,24243,4423294.94,2428159.407,0
1/16/2023,0.571,0.63,0.558,0.612,10904570.45,1.67391E+12,6501647.831,28512,5230363.02,3119410.993,0
1/17/2023,0.614,0.615,0.572,0.576,7144651.7,1.674E+12,4219148.082,16260,3673189.92,2168968.483,0
1/18/2023,0.576,0.598,0.521,0.537,9194476.26,1.67409E+12,5155652.363,22905,4531693.62,2545618.541,0
1/19/2023,0.536,0.571,0.527,0.568,4841458.44,1.67417E+12,2657170.676,13451,2508339.01,1377012.238,0
1/20/2023,0.568,0.75,0.557,0.699,17440404.06,1.67426E+12,11243669.76,55530,8724058.8,5633029.406,0
1/21/2023,0.699,0.742,0.664,0.665,10908600.49,1.67435E+12,7693227.736,33620,5027627.74,3551519.784,0
1/22/2023,0.665,0.714,0.646,0.691,10105489.4,1.67443E+12,6855077.356,27751,5401145.05,3667064.4,0
1/23/2023,0.691,0.899,0.68,0.857,20774673.64,1.67452E+12,16379837.2,77242,10597908.45,8383535.868,0
1/24/2023,0.858,0.898,0.759,0.771,10914375.03,1.6746E+12,8954299.055,37270,5091866.88,4191126.72,0
1/25/2023,0.772,0.94,0.767,0.865,15090483.6,1.67469E+12,12962430.66,61423,7539795.02,6479268.081,0
1/26/2023,0.864,0.937,0.851,0.881,11716685.57,1.67478E+12,10506345.75,43472,5326258.62,4775808.762,0
1/27/2023,0.882,0.9,0.805,0.866,10939864.24,1.67486E+12,9333040.938,36749,5235158.43,4475039.868,0
1/28/2023,0.865,1.379,0.855,1.194,43773931.14,1.67495E+12,47861143.96,172005,21764969.38,23724624.21,0
1/29/2023,1.192,1.443,1.14,1.279,34733197.94,1.67504E+12,45263332.55,166364,17372488.44,22658890.95,0
1/30/2023,1.279,1.328,1.135,1.205,15453399.67,1.67512E+12,18886011.14,65651,7666844.66,9389111.717,0
1/31/2023,1.205,1.499,1.16,1.41,30981249.84,1.67521E+12,42351850.62,151806,15283159.3,20852535.1,0
2/1/2023,1.412,1.678,1.334,1.522,30213793.35,1.6753E+12,45331250.44,162047,14842907.83,22307118.8,0
2/2/2023,1.524,1.785,1.504,1.715,22006232.32,1.67538E+12,37045585.83,109403,10853847.42,18275716.2,0
2/3/2023,1.716,1.75,1.529,1.695,24586329.61,1.67547E+12,40538621.08,147588,12883238.91,21237163.16,0
2/4/2023,1.694,1.761,1.627,1.674,15226397.17,1.67556E+12,25712957.59,91397,8023657.76,13546853.46,0
2/5/2023,1.673,1.87,1.63,1.751,28807202.49,1.67564E+12,50360759.93,153679,14864692.08,25994850.66,0
2/6/2023,1.751,2.007,1.729,1.877,32898081.56,1.67573E+12,61448688.81,170693,16832428.68,31465361.14,0
2/7/2023,1.875,2.19,1.82,2.133,26311908.94,1.67581E+12,53564410.49,155310,13147202.81,26780651.49,0
2/8/2023,2.132,2.148,1.6,1.758,34619646.14,1.6759E+12,64255895.58,179420,16608587.57,30732523.41,0
2/9/2023,1.76,1.795,1.277,1.373,52254338.87,1.67599E+12,80351534.16,238641,24066656.17,36988777.99,0
2/10/2023,1.375,1.525,1.318,1.483,40702255.62,1.67607E+12,58067139.21,177678,20342512.65,29045660.52,0
2/11/2023,1.482,1.482,1.351,1.447,19648318.31,1.67616E+12,27675900.41,77462,9714207.17,13690192.16,0
2/12/2023,1.446,1.688,1.392,1.543,29511842.35,1.67625E+12,45130998.89,130283,15347409.15,23436979.26,0
2/13/2023,1.542,1.66,1.38,1.498,32826215.37,1.67633E+12,49685806.02,162185,15070170.67,22885223.67,0
2/14/2023,1.498,1.779,1.445,1.719,29370153.49,1.67642E+12,47657104.59,141808,14892740.76,24217656.72,0
2/15/2023,1.72,2.086,1.689,2.002,28275081.29,1.67651E+12,52737613.91,145886,14356338.55,26768170.24,0
2/16/2023,2.003,2.14,1.687,1.768,35184805.12,1.67659E+12,68477775.96,208210,16982425.18,33143435.42,0
2/17/2023,1.768,1.994,1.732,1.858,27328949.93,1.67668E+12,51372322.13,150005,13332771.84,25094258.82,0
2/18/2023,1.857,1.939,1.781,1.855,12404067.23,1.67676E+12,23049780.48,69647,5890035.51,10952065.12,0
2/19/2023,1.854,1.867,1.686,1.718,12539826.97,1.67685E+12,22408864.23,65318,5570628.71,9964696.893,0
2/20/2023,1.717,1.75,1.596,1.716,19737937.97,1.67694E+12,33193496.28,88551,9622149.67,16173658.79,0
2/21/2023,1.716,1.886,1.644,1.708,14156342.02,1.67702E+12,24907108.35,94325,6788656.82,11953838.36,0
2/22/2023,1.706,1.706,1.513,1.614,14114254.01,1.67711E+12,22400766.55,75560,6865147.37,10892482.8,0
2/23/2023,1.615,1.709,1.536,1.575,11842772.5,1.6772E+12,19222814.03,65072,5581572.08,9075334.166,0
2/24/2023,1.576,1.68,1.386,1.455,17770701.14,1.67728E+12,27485288.56,83073,9221136.72,14302293.98,0
2/25/2023,1.455,1.471,1.31,1.407,7953427.53,1.67737E+12,11096396.46,44014,3645718.06,5084515.986,0
2/26/2023,1.406,1.573,1.38,1.536,8753658.36,1.67746E+12,13024648.76,54211,4054813.58,6016243.671,0
2/27/2023,1.536,1.568,1.44,1.475,10003404.65,1.67754E+12,14994778.37,48137,4826606.08,7235062.019,0
2/28/2023,1.475,1.636,1.441,1.457,15698233.07,1.67763E+12,24063787.89,77920,7656629.07,11774876.62,0
3/1/2023,1.458,1.574,1.433,1.557,10861863.25,1.67772E+12,16339374.45,51922,5714939.49,8600116.463,0
3/2/2023,1.556,1.582,1.416,1.526,8926743.14,1.6778E+12,13376580.36,43724,4635500.25,6969021.352,0
3/3/2023,1.525,1.537,1.315,1.356,14080424.09,1.67789E+12,19380013.73,73072,6904813.19,9500384.503,0
3/4/2023,1.355,1.374,1.173,1.242,17233140.96,1.67797E+12,21452433.69,64918,7797772.81,9678983.368,0
3/5/2023,1.24,1.288,1.171,1.199,7828597.86,1.67806E+12,9637094.108,31484,3910969.49,4820411.855,0
3/6/2023,1.199,1.245,1.162,1.215,7747449.35,1.67815E+12,9295342.028,33233,3610582.88,4339702.526,0
3/7/2023,1.215,1.287,1.142,1.18,10823496.55,1.67823E+12,13149741.19,47728,4969867.79,6063550.976,0
3/8/2023,1.18,1.193,1.044,1.071,11047369.05,1.67832E+12,12291523.08,44469,5205555.24,5793966.811,0
3/9/2023,1.071,1.174,0.991,1.042,14987713.78,1.67841E+12,16309228.15,60067,7330473.55,7999877.485,0
3/10/2023,1.04,1.078,0.892,1.061,18022725.3,1.67849E+12,17855280.25,66152,8647448.51,8581873.584,0
3/11/2023,1.06,1.095,0.912,0.978,12331906.81,1.67858E+12,12179051.3,46341,5515239.14,5434453.884,0
3/12/2023,0.977,1.3,0.953,1.238,16469527.76,1.67867E+12,17851389.99,70781,8594212.07,9362023.044,0
3/13/2023,1.238,1.39,1.146,1.277,33419079.04,1.67875E+12,42026526.33,146182,16297435.91,20524706.81,0
3/14/2023,1.277,1.472,1.225,1.383,29034750.23,1.67884E+12,39024675.75,132533,13849594.91,18693973.83,0
3/15/2023,1.382,1.508,1.167,1.253,26787764.8,1.67892E+12,35568731.63,122538,12795135.63,16973696.14,0
3/16/2023,1.255,1.381,1.23,1.34,16532422.43,1.67901E+12,21690990.76,79152,8412496.09,11041058.07,0
3/17/2023,1.341,1.585,1.308,1.579,15403437.9,1.6791E+12,21619152.51,75281,8133106.02,11447361.02,0
3/18/2023,1.579,1.597,1.408,1.462,15605813.35,1.67918E+12,23733534.85,88478,7504016.76,11429223.28,0
3/19/2023,1.461,1.578,1.397,1.472,13611852.19,1.67927E+12,20238391.6,75052,6779684.52,10077018.84,0
3/20/2023,1.473,1.483,1.327,1.341,14509110.85,1.67936E+12,20371721.86,79965,7000686.21,9839315.055,0
3/21/2023,1.341,1.4,1.271,1.338,13632817.14,1.67944E+12,18149747.29,65762,6912333.65,9214453.684,0
3/22/2023,1.338,1.488,1.291,1.374,22084411,1.67953E+12,30672764.76,115918,11005779.3,15260002.65,0
3/23/2023,1.373,1.411,1.31,1.332,15136699.7,1.67962E+12,20490502.61,67640,7784768.08,10548490.91,0
3/24/2023,1.332,1.345,1.189,1.215,11453764.76,1.6797E+12,14460862.33,46401,5206859.8,6587504.032,0
3/25/2023,1.215,1.234,1.126,1.15,7815864.39,1.67979E+12,9205870.658,34446,3385430.41,3987942.566,0
3/26/2023,1.151,1.26,1.136,1.232,6878882.26,1.67988E+12,8270645.709,33025,3704588.06,4455569.387,0
3/27/2023,1.233,1.235,1.098,1.148,7443790.01,1.67996E+12,8658003.502,34105,3360785.65,3906321.278,0
3/28/2023,1.147,1.194,1.088,1.178,8157812.28,1.68005E+12,9282217.192,41103,4267836.33,4864140.189,0
3/29/2023,1.178,1.315,1.169,1.293,9978442.82,1.68013E+12,12345639.11,49889,5074317.27,6282830.915,0
3/30/2023,1.291,1.313,1.207,1.262,10797680.34,1.68022E+12,13624673.4,52692,5176835.8,6543080.414,0
3/31/2023,1.261,1.392,1.204,1.373,11216647,1.68031E+12,14505369.82,56153,5577151.48,7224978.639,0
4/1/2023,1.374,1.381,1.304,1.346,7187303.1,1.68039E+12,9655796.342,40082,3408182.24,4583529.323,0
4/2/2023,1.347,1.362,1.246,1.275,5365279.43,1.68048E+12,6958735.438,30362,2518159.25,3265981.203,0
4/3/2023,1.275,1.351,1.227,1.293,7976491.26,1.68057E+12,10270531.65,48025,3807174.63,4906688.763,0
4/4/2023,1.293,1.376,1.273,1.331,7437504.4,1.68065E+12,9891680.524,40597,3817451.88,5076074.944,0
4/5/2023,1.331,1.394,1.306,1.342,8221455.99,1.68074E+12,11082032.91,42133,4203438.41,5674619.954,0
4/6/2023,1.343,1.344,1.272,1.307,4992040.55,1.68083E+12,6499013.525,26316,2207091.67,2874674.798,0
4/7/2023,1.305,1.319,1.262,1.303,4475408.37,1.68091E+12,5755023.726,21989,2130247.49,2743144.362,0
4/8/2023,1.304,1.31,1.26,1.271,2989072.37,1.681E+12,3841420.749,16247,1342724.47,1724958.145,0
4/9/2023,1.271,1.314,1.246,1.306,3333511.7,1.68108E+12,4253706.894,19654,1518035.93,1936636.461,0
4/10/2023,1.305,1.49,1.289,1.482,12054970.47,1.68117E+12,16764611.03,63543,6515030.7,9069004.44,0
4/11/2023,1.482,1.699,1.465,1.576,29507502.13,1.68126E+12,46717598.7,167217,14580731.81,23073124.72,0
4/12/2023,1.576,1.688,1.527,1.594,26425921.88,1.68134E+12,41992100.99,132614,12949978.41,20613866.81,0
4/13/2023,1.594,1.685,1.552,1.602,12246500.03,1.68143E+12,19658355.16,67704,5734811.56,9210509.913,0
4/14/2023,1.601,1.79,1.597,1.736,25306707.47,1.68152E+12,42755852.3,135632,12778893.25,21572924.14,0
4/15/2023,1.736,1.765,1.656,1.672,11185548.73,1.6816E+12,19117033.36,53834,5170201.46,8836087.565,0
4/16/2023,1.672,1.787,1.65,1.778,12388159.21,1.68169E+12,21470430.41,64110,6096396.06,10572834.28,0
4/17/2023,1.778,2.088,1.721,1.979,37330650.45,1.68178E+12,72567776.94,202916,19471884.79,37887247.36,0
4/18/2023,1.979,2.128,1.938,2.024,19925572.9,1.68186E+12,40559883.93,115715,9942759.97,20261381.13,0
4/19/2023,2.024,2.055,1.799,1.936,25527046.46,1.68195E+12,49503258.36,148486,12720953.77,24674277.96,0
4/20/2023,1.936,2.196,1.873,1.901,39880407.89,1.68204E+12,80789237.66,229193,20088122.32,40729103.18,0
4/21/2023,1.9,1.943,1.622,1.63,30822013.31,1.68212E+12,54935782.57,163622,14759418.76,26292932.98,0
4/22/2023,1.63,1.85,1.622,1.815,17504784.78,1.68221E+12,30517035.64,94972,9007190.07,15710728.98,0
4/23/2023,1.815,1.816,1.631,1.706,12565774.49,1.68229E+12,21624768.84,70644,6092079.46,10471462.59,0
4/24/2023,1.706,1.839,1.684,1.773,18407258.22,1.68238E+12,32467213.78,108931,9062517.64,16002536.03,0
4/25/2023,1.773,2.042,1.733,2.022,25710030.91,1.68247E+12,47493781.38,142360,12943581.81,23920280.71,0
4/26/2023,2.022,2.48,2,2.298,55376400.9,1.68255E+12,123949819.4,379306,29044649.24,65085869.52,0
4/27/2023,2.299,2.415,2.202,2.34,27131924.82,1.68264E+12,62789730.23,177848,13690648.25,31728905.53,0
4/28/2023,2.34,2.6,2.321,2.364,33115991.4,1.68273E+12,81296317.06,203743,16127641.53,39603237.2,0
4/29/2023,2.363,2.489,2.336,2.372,14472733.01,1.68281E+12,34700034.09,83365,7679818.18,18418327.99,0
4/30/2023,2.372,2.567,2.341,2.387,20028012.2,1.6829E+12,49014768.7,121055,10223730.95,25031393.66,0
5/1/2023,2.388,2.467,2.186,2.204,23312115.02,1.68299E+12,54416059.86,132285,11213816.28,26230166.8,0
5/2/2023,2.204,2.274,2.051,2.066,27750833.99,1.68307E+12,59431213.21,145007,13353579.65,28636848.24,0
5/3/2023,2.066,2.334,2.023,2.278,24685542.75,1.68316E+12,53225095.81,143425,12607691.82,27251384.71,0
5/4/2023,2.279,2.317,2.181,2.213,17841559.4,1.68324E+12,40201469.07,97266,8822215.28,19897503.77,0
5/5/2023,2.214,2.26,2.126,2.184,20322845.66,1.68333E+12,44512438.11,128074,10234908.76,22435989.44,0
5/6/2023,2.184,2.214,2.01,2.079,11556310.23,1.68342E+12,24095068.06,77128,5199074.07,10849193.91,0
5/7/2023,2.079,2.237,2.028,2.127,13109774.11,1.6835E+12,28050860.02,81764,6673774.95,14296660.98,0
5/8/2023,2.127,2.161,1.782,1.859,22026424.39,1.68359E+12,42535371.51,121459,10354178.47,19955996.32,0
5/9/2023,1.859,1.878,1.698,1.739,17729177.19,1.68368E+12,31384674.63,83728,8888600.26,15747189.87,0
5/10/2023,1.739,1.958,1.68,1.831,27701963.3,1.68376E+12,50173633.62,138942,13395021.25,24282609.63,0
5/11/2023,1.831,1.835,1.628,1.709,17277826.25,1.68385E+12,29363507.64,87627,8044277.01,13683920.7,0
5/12/2023,1.709,1.819,1.651,1.818,14571077.78,1.68394E+12,25121511.73,83204,7132365.56,12319018.01,0
5/13/2023,1.818,1.886,1.773,1.837,10621633.64,1.68402E+12,19386965.02,65628,5200829.59,9497815.175,0
5/14/2023,1.837,1.895,1.78,1.825,7706778.24,1.68411E+12,14150128.82,41517,3540642.35,6505876.971,0
5/15/2023,1.825,1.9,1.792,1.795,8121133.88,1.6842E+12,14906500.15,48447,3974828.51,7303297.982,0
5/16/2023,1.796,1.986,1.773,1.925,14411836.88,1.68428E+12,27230399.24,72616,7309519.85,13827942.06,0
5/17/2023,1.925,2.379,1.916,2.303,29250764.88,1.68437E+12,61669039.96,174654,15621590.14,32954512.95,0
5/18/2023,2.303,2.52,2.254,2.392,35763757.81,1.68445E+12,84206686.66,204940,17694529.38,41683479.32,0
5/19/2023,2.392,2.461,2.307,2.316,20252686.44,1.68454E+12,48228232.91,120642,9599574.55,22895881.59,0
5/20/2023,2.317,2.422,2.267,2.351,15144541.84,1.68463E+12,35501921.43,77604,7350650.33,17242885.99,0
5/21/2023,2.352,2.95,2.324,2.462,45372942.46,1.68471E+12,115269853.3,256331,23913870.77,60761377.13,0
5/22/2023,2.462,2.518,2.335,2.452,18656859.83,1.6848E+12,45379970.21,106741,9027866.53,21978516.95,0
5/23/2023,2.452,2.799,2.398,2.721,24267123.12,1.68489E+12,64381623.41,158223,12526578.36,33227360.72,0
5/24/2023,2.721,2.766,2.402,2.635,31743291.15,1.68497E+12,81323296.69,183688,15120071.73,38734633.22,0
5/25/2023,2.636,2.9,2.528,2.704,32120137.6,1.68506E+12,88040954.28,194986,16237679.57,44504192.54,0
5/26/2023,2.705,2.879,2.654,2.729,22148334.34,1.68515E+12,61427236.19,136865,10871542.34,30158260.87,0
5/27/2023,2.729,2.789,2.594,2.643,13947306.16,1.68523E+12,37412300.89,72719,6566869.53,17616493.66,0
5/28/2023,2.643,2.811,2.597,2.741,14243495.33,1.68532E+12,38381552.23,79323,7360620.95,19842002.08,0
5/29/2023,2.741,2.77,2.481,2.542,18072411.72,1.6854E+12,46863475.48,103140,8865254.47,22972074.48,0
5/30/2023,2.541,2.694,2.469,2.57,14781526.9,1.68549E+12,38322863.83,99114,7414099.9,19242136.62,0
5/31/2023,2.57,2.624,2.42,2.522,12019378.34,1.68558E+12,30168647.52,85644,5690233.7,14295375.71,0
6/1/2023,2.522,2.622,2.43,2.496,11686629.74,1.68566E+12,29532028.24,83076,6122104.49,15480460.21,0
6/2/2023,2.496,2.653,2.451,2.571,12270159.83,1.68575E+12,31572636.77,81183,6170203.7,15882240.64,0
6/3/2023,2.571,2.638,2.534,2.606,7472676.11,1.68584E+12,19326213.87,47956,3795732.08,9825326.296,0
6/4/2023,2.606,2.79,2.575,2.658,14915851.78,1.68592E+12,40176026.52,99687,7520870.88,20264604.86,0
6/5/2023,2.658,2.727,2.223,2.278,33792791.3,1.68601E+12,83252758.72,251406,16278299.19,40133319.14,0
6/6/2023,2.278,2.457,2.174,2.414,22235738.14,1.6861E+12,52138782.98,153578,11147262.8,26151805.66,0
6/7/2023,2.414,2.432,2.158,2.221,17600682.67,1.68618E+12,40064892.01,109122,8750088.14,19894546.16,0
6/8/2023,2.221,2.288,2.141,2.266,12416304.69,1.68627E+12,27513236.81,82615,6380493.74,14150799.27,0
6/9/2023,2.267,2.4,2.201,2.292,11959442.61,1.68636E+12,27503312.41,77666,5808161.73,13368877.91,0
6/10/2023,2.292,2.292,1.812,1.898,27022905.89,1.68644E+12,54470065.53,185977,12849829.65,25933641.07,0
6/11/2023,1.898,2.057,1.857,1.957,14041057.17,1.68653E+12,27385739.62,83464,6991125.83,13643091.45,0
6/12/2023,1.956,1.965,1.869,1.938,13227425.89,1.68661E+12,25416496.52,67272,6341505.49,12188088.49,0
6/13/2023,1.938,2.036,1.894,1.929,13426447.05,1.6867E+12,26167099.2,69082,6620170.8,12918894.67,0
6/14/2023,1.929,1.975,1.782,1.807,9008298.26,1.68679E+12,17058206.8,57133,4388798.33,8326420.498,0
6/15/2023,1.808,1.905,1.722,1.876,9779996.12,1.68687E+12,17645838.47,55103,4798755.09,8659522.748,0
6/16/2023,1.876,1.94,1.8,1.923,7359997.33,1.68696E+12,13749446.63,43331,3810242.08,7122468.007,0
6/17/2023,1.924,2.124,1.902,2.085,10312842.69,1.68705E+12,20898243.63,68089,5119158.39,10368891.39,0
6/18/2023,2.086,2.101,1.967,1.969,8363829.45,1.68713E+12,17024779.72,58030,4100101.45,8348910.296,0
6/19/2023,1.968,2.067,1.936,2.063,7023731.43,1.68722E+12,13992718.78,47568,3481303.72,6941997.071,0
6/20/2023,2.064,2.094,1.94,2.08,9562246.78,1.68731E+12,19385585.32,63212,4607122.94,9342964.352,0
6/21/2023,2.08,2.384,2.078,2.287,17321249.44,1.68739E+12,39364468.86,119798,8323120.73,18899860.29,0
6/22/2023,2.287,2.353,2.147,2.149,10819840.64,1.68748E+12,24328560.22,82279,5370295.89,12091968.38,0
6/23/2023,2.149,2.272,2.103,2.171,11035163.43,1.68756E+12,24059630.84,69263,5547205.3,12105156,0
6/24/2023,2.17,2.177,1.995,2.048,8561872.66,1.68765E+12,17829782.34,52693,4262488.33,8872537.403,0
6/25/2023,2.048,2.124,2.022,2.067,6254794.26,1.68774E+12,12934565.13,39496,2961306.07,6125331.711,0
6/26/2023,2.066,2.13,1.996,2.041,6952360.36,1.68782E+12,14337844.07,44598,3323678.3,6857467.427,0
6/27/2023,2.042,2.118,2.022,2.061,5726963.74,1.68791E+12,11888600.13,33088,2694267.05,5594781.603,0
6/28/2023,2.061,2.063,1.859,1.919,7981926.05,1.688E+12,15715787.11,49678,3728369.91,7345013.613,0
6/29/2023,1.918,2.027,1.906,1.975,5966975.87,1.68808E+12,11776517.54,37263,2848686.12,5623074.02,0
6/30/2023,1.977,2.095,1.865,2.037,12151992.83,1.68817E+12,24529411.67,85258,5929241.4,11966260.2,0
7/1/2023,2.038,2.089,2.031,2.06,5156131.02,1.68826E+12,10615857.66,32662,2430657.49,5008289.875,0
7/2/2023,2.06,2.067,1.981,2.023,4858530.5,1.68834E+12,9818166.667,30951,2203103.93,4453497.695,0
7/3/2023,2.023,2.161,2.008,2.157,8686186.3,1.68843E+12,18283944.48,57046,4474649.6,9426376.773,0
7/4/2023,2.158,2.243,2.057,2.073,9394094.65,1.68852E+12,20131927.88,62466,4545755.43,9762030.447,0
7/5/2023,2.074,2.098,1.943,1.963,7376341.1,1.6886E+12,14772631.91,45201,3416720.21,6840055.605,0
7/6/2023,1.963,2.081,1.908,1.913,6317109.48,1.68869E+12,12515749.93,46491,3026476.99,6003931.545,0
7/7/2023,1.911,1.966,1.885,1.948,4188735.62,1.68877E+12,8084064.037,25996,1922896.96,3711343.957,0
7/8/2023,1.951,1.989,1.908,1.945,2703916.48,1.68886E+12,5260594.613,18903,1327913.62,2585831.38,0
7/9/2023,1.946,1.974,1.916,1.922,2236021.4,1.68895E+12,4356071.128,15041,947068.92,1846779.971,0
7/10/2023,1.921,1.959,1.842,1.91,4438756.94,1.68903E+12,8414067.655,32292,2128803.56,4036738.089,0
7/11/2023,1.909,2.011,1.892,1.993,3878034.81,1.68912E+12,7623029.759,33432,2229653.17,4378789.537,0
7/12/2023,1.994,2.04,1.917,1.938,5239894.72,1.68921E+12,10432920.37,38289,2559929.95,5081701.362,0
7/13/2023,1.937,2.146,1.907,2.129,8910376.19,1.68929E+12,18174146.62,67129,4594893.93,9378727.732,0
7/14/2023,2.13,2.243,1.972,2.031,11233888.06,1.68938E+12,23850450.91,86211,5524803.31,11747348.67,0
7/15/2023,2.03,2.06,1.976,2.027,3747747.37,1.68947E+12,7564145.033,24556,1794875.55,3620814.204,0
7/16/2023,2.027,2.039,1.929,1.943,3428263.01,1.68955E+12,6798534.371,24793,1633324.81,3238974.094,0
7/17/2023,1.942,2.018,1.891,1.967,5494747.96,1.68964E+12,10668268.32,37774,2526598.33,4908546.705,0
7/18/2023,1.966,2.01,1.842,1.88,5122007.49,1.68972E+12,9868307.672,33619,2739900.51,5280503.538,0
7/19/2023,1.88,1.919,1.835,1.863,5618304.03,1.68981E+12,10579136.88,34555,2794942.84,5265305.213,0
7/20/2023,1.863,1.944,1.836,1.87,4553792.05,1.6899E+12,8622192.324,29600,1986025.98,3762747.425,0
7/21/2023,1.869,1.916,1.852,1.884,2607047.7,1.68998E+12,4927593.29,16348,1189187.58,2249522.389,0
7/22/2023,1.885,1.899,1.807,1.833,2183192.73,1.69007E+12,4062474.664,14992,1013731.9,1884292.147,0
7/23/2023,1.832,1.885,1.809,1.856,1796624.11,1.69016E+12,3328874.362,12343,840540.96,1558616.485,0
7/24/2023,1.857,1.862,1.715,1.75,5322776.28,1.69024E+12,9382629.498,33215,2359051.09,4154932.315,0
7/25/2023,1.749,1.811,1.747,1.771,3478655.69,1.69033E+12,6193753.024,19873,1786452.98,3183556.038,0
7/26/2023,1.772,1.786,1.725,1.762,3779105.28,1.69042E+12,6638552.286,22678,1844826.68,3242356.198,0
7/27/2023,1.762,1.808,1.74,1.767,3974243.21,1.6905E+12,7069797.111,17686,1933517.14,3444199.01,0
7/28/2023,1.767,1.82,1.756,1.806,2685053.04,1.69059E+12,4816181.248,15830,1286943.25,2309113.381,0
7/29/2023,1.807,1.827,1.785,1.805,1473848.98,1.69068E+12,2658983.59,10076,699276.12,1262181.716,0
7/30/2023,1.806,1.816,1.745,1.785,2770758.93,1.69076E+12,4958817.818,16732,1396752.71,2502543.661,0
7/31/2023,1.785,1.818,1.73,1.75,2770717.96,1.69085E+12,4933187.975,16079,1338646.03,2385046.077,0
8/1/2023,1.749,1.794,1.701,1.794,3222924.36,1.69093E+12,5625046.447,19831,1612960.4,2817553.088,0
8/2/2023,1.793,1.805,1.748,1.764,2891198.63,1.69102E+12,5137159.59,16795,1293796.2,2300299.293,0
8/3/2023,1.764,1.789,1.738,1.766,1903384.82,1.69111E+12,3358499.705,14022,987272.97,1742610.593,0
8/4/2023,1.766,1.782,1.712,1.732,2039462.58,1.69119E+12,3567807.147,12562,943672.37,1651692.021,0
8/5/2023,1.732,1.732,1.602,1.615,6293049.33,1.69128E+12,10346857.93,34278,2918034.58,4801815.569,0
8/6/2023,1.615,1.703,1.608,1.626,3582820.13,1.69137E+12,5909097.226,20034,1816082.65,2997016.78,0
8/7/2023,1.625,1.663,1.536,1.596,5716451.4,1.69145E+12,9174483.334,31743,2921736.45,4685573.729,0
8/8/2023,1.595,1.65,1.572,1.63,4014085.6,1.69154E+12,6474985.524,22385,2113719.52,3413567.52,0
8/9/2023,1.63,1.716,1.628,1.664,4148093.46,1.69163E+12,6931506.07,23959,2180544.77,3644572.796,0
8/10/2023,1.666,1.736,1.658,1.69,6036866.42,1.69171E+12,10275486.73,30412,3242232.84,5518662.442,0
8/11/2023,1.69,1.72,1.664,1.68,2450938.69,1.6918E+12,4143138.441,15267,1075683.02,1819307.035,0
8/12/2023,1.68,1.7,1.665,1.67,1359148,1.69188E+12,2287396.881,8473,657220.71,1105985.709,0
8/13/2023,1.671,1.696,1.638,1.651,1845531.64,1.69197E+12,3089781.261,11378,836464.47,1400963.699,0
8/14/2023,1.65,1.767,1.64,1.719,4893901.49,1.69206E+12,8441584.387,27859,2440606.19,4210453.375,0
8/15/2023,1.72,1.74,1.587,1.623,5096479.14,1.69214E+12,8517842.712,29647,2520448.59,4214805.19,0
8/16/2023,1.624,1.632,1.535,1.569,6907264.26,1.69223E+12,10920211.54,39351,3488794.6,5519589.58,0
8/17/2023,1.569,1.61,1.25,1.443,9327830.97,1.69232E+12,13860572.25,85407,4547669.5,6753441.598,0
8/18/2023,1.443,1.468,1.401,1.424,5959834.62,1.6924E+12,8509464.969,37788,2922448.44,4173657.207,0
8/19/2023,1.425,1.447,1.396,1.419,3988659.46,1.69249E+12,5645852.374,21961,2085591.25,2953071.402,0
8/20/2023,1.42,1.448,1.408,1.429,2514918.35,1.69258E+12,3590438.5,12836,1278309.03,1826211.844,0
8/21/2023,1.43,1.444,1.315,1.385,4488204.74,1.69266E+12,6191676.683,22172,2224337.58,3070401.527,0
8/22/2023,1.385,1.414,1.328,1.39,4490280.81,1.69275E+12,6174370.454,28177,2174878.09,2993063.927,0
8/23/2023,1.39,1.479,1.358,1.452,7119269.52,1.69284E+12,10127689.72,37332,3998100.54,5688907.036,0
8/24/2023,1.452,1.55,1.434,1.464,10250893.25,1.69292E+12,15245721.15,59476,5305516.97,7900840.297,0
8/25/2023,1.464,1.49,1.422,1.477,5396052.11,1.69301E+12,7882419.617,31917,2514436.25,3677326.076,0
8/26/2023,1.478,1.502,1.41,1.421,2776607.08,1.69309E+12,4043006.936,14138,1267389.73,1847082.863,0
8/27/2023,1.421,1.431,1.397,1.411,2317136.3,1.69318E+12,3275443.897,12055,1098401.59,1553329.915,0
8/28/2023,1.412,1.419,1.368,1.404,3355784.7,1.69327E+12,4679267.438,17863,1600084.16,2231303.515,0
8/29/2023,1.404,1.5,1.362,1.481,6494253.17,1.69335E+12,9379896.274,38094,3518049.2,5090956.75,0
8/30/2023,1.481,1.493,1.421,1.448,4378884.25,1.69344E+12,6356334.251,25938,1919281.01,2787507.766,0
8/31/2023,1.448,1.458,1.343,1.372,5161768.57,1.69353E+12,7257675.161,30532,2552727.48,3589072.979,0
9/1/2023,1.373,1.381,1.294,1.341,4456111.18,1.69361E+12,5963367.571,25205,2143503.23,2869949.232,0
9/2/2023,1.342,1.346,1.312,1.339,1933136.34,1.6937E+12,2575426.007,12515,953948.65,1271541.341,0
9/3/2023,1.34,1.367,1.325,1.358,2317774.67,1.69379E+12,3120899.09,15710,1131083.58,1524227.96,0
9/4/2023,1.359,1.398,1.332,1.352,3148781.97,1.69387E+12,4300736.891,18766,1642317.73,2247556.974,0
9/5/2023,1.352,1.369,1.333,1.361,2376752.4,1.69396E+12,3209907.259,15771,1213543.6,1640563.584,0
9/6/2023,1.362,1.4,1.347,1.398,2828638.68,1.69404E+12,3873344.829,19762,1443754.85,1978491.458,0
9/7/2023,1.398,1.49,1.388,1.485,8040335.04,1.69413E+12,11610131.49,46600,4166945.82,6018718.006,0
9/8/2023,1.485,1.521,1.428,1.457,4432178.66,1.69422E+12,6515067.893,28339,2147174.26,3160084.727,0
9/9/2023,1.458,1.5,1.44,1.499,2007100.11,1.6943E+12,2949724.5,14778,1023396.87,1505819.858,0
9/10/2023,1.499,1.531,1.439,1.478,6078567.88,1.69439E+12,8974467.784,38702,3120956.75,4609745.01,0
9/11/2023,1.479,1.522,1.386,1.451,7476445.24,1.69448E+12,10805399.71,46140,3597572.1,5202025.689,0
9/12/2023,1.451,1.59,1.451,1.5,10123779.75,1.69456E+12,15411227.31,61174,5093736.2,7761359.938,0
9/13/2023,1.5,1.551,1.46,1.522,5375689.59,1.69465E+12,8088707.91,32857,2483720.71,3744312.043,0
9/14/2023,1.523,1.57,1.502,1.532,4062196.11,1.69474E+12,6243456.474,25758,2088020.04,3210108.664,0
9/15/2023,1.533,1.62,1.512,1.605,4866549.77,1.69482E+12,7614140.79,28820,2453839.35,3843857.086,0
9/16/2023,1.606,1.63,1.574,1.616,3599749.06,1.69491E+12,5757541.891,23124,1803646.93,2886809.929,0
9/17/2023,1.616,1.618,1.543,1.567,3183559.76,1.695E+12,5028963.124,21117,1577329.94,2490833.568,0
9/18/2023,1.568,1.655,1.537,1.571,6230837.36,1.69508E+12,9923259.48,34632,3189049.73,5086206.984,0
9/19/2023,1.572,1.627,1.557,1.603,4167057.21,1.69517E+12,6668052.831,21179,2078985.54,3326498.631,0
9/20/2023,1.605,1.633,1.579,1.621,3290807.14,1.69525E+12,5279899.428,22417,1648247,2646538.871,0
9/21/2023,1.621,1.661,1.59,1.6,4797007.53,1.69534E+12,7786413.636,28309,2459546.24,3996518.828,0
9/22/2023,1.6,1.655,1.561,1.603,7340961.76,1.69543E+12,11901912.19,33217,3736842.46,6054730.824,0
9/23/2023,1.603,1.614,1.544,1.571,2882470.09,1.69551E+12,4541534.108,15627,1378714.07,2172293.447,0
9/24/2023,1.572,1.576,1.538,1.552,1898729.76,1.6956E+12,2954366.856,13082,882222.15,1373517.514,0
9/25/2023,1.551,1.566,1.48,1.485,4446801.67,1.69569E+12,6727110.928,24931,2158823.02,3265595.434,0
9/26/2023,1.486,1.515,1.463,1.487,3111813.16,1.69577E+12,4628373.453,16492,1513937.48,2252609.073,0
9/27/2023,1.487,1.516,1.464,1.486,3201963.18,1.69586E+12,4763469.629,16555,1562324.68,2326112.124,0
9/28/2023,1.485,1.55,1.482,1.521,3233535.37,1.69595E+12,4906793.306,18334,1504437.89,2282376.737,0
9/29/2023,1.521,1.552,1.51,1.539,2311640.63,1.69603E+12,3540202.829,12411,1229523.22,1883241.253,0
9/30/2023,1.538,1.554,1.517,1.535,1916024.03,1.69612E+12,2935057.678,9806,962209.98,1474821.855,0
10/1/2023,1.535,1.731,1.533,1.693,5602431.63,1.6962E+12,9122867.532,33516,3031861.42,4934091.322,0
10/2/2023,1.694,1.8,1.678,1.693,10518378.6,1.69629E+12,18266682.25,60547,5254071.77,9128209.961,0
10/3/2023,1.694,1.785,1.654,1.666,6296855.06,1.69638E+12,10792111.91,40533,3073473.24,5276644.312,0
10/4/2023,1.666,1.746,1.612,1.722,5398691.96,1.69646E+12,9020487.112,33461,2897045.22,4845134.402,0
10/5/2023,1.723,1.76,1.667,1.729,6077012.52,1.69655E+12,10447887.19,38362,2950952.02,5071462.648,0
10/6/2023,1.729,1.847,1.719,1.822,6992152.48,1.69664E+12,12427360.71,54866,3633123.66,6461379.285,0
10/7/2023,1.823,1.9,1.792,1.834,7281864.11,1.69672E+12,13424628.29,52786,3708062.37,6845483.895,0
10/8/2023,1.835,1.861,1.808,1.831,4443155.93,1.69681E+12,8148550,32899,2092302.73,3840793.375,0
10/9/2023,1.831,1.848,1.729,1.76,7499220.83,1.6969E+12,13363082.12,52426,3744269.01,6676302.074,0
10/10/2023,1.761,1.818,1.697,1.795,6523387.93,1.69698E+12,11508106.98,44113,3239601.37,5725913.124,0
10/11/2023,1.795,1.859,1.743,1.795,8441776.85,1.69707E+12,15144472.55,65370,4022225.5,7222991.076,0
10/12/2023,1.796,1.808,1.711,1.72,6585292.91,1.69716E+12,11529064.11,50584,3188849.01,5585854.368,0
10/13/2023,1.72,1.784,1.71,1.75,4904808.88,1.69724E+12,8519602.35,35467,2599233.95,4515634.771,0
10/14/2023,1.75,1.767,1.717,1.739,2654050.86,1.69733E+12,4619572.217,20379,1284828.53,2235727.486,0
10/15/2023,1.739,1.767,1.703,1.729,2738366.64,1.69741E+12,4735427.126,21570,1315411.7,2276671.976,0
10/16/2023,1.729,1.984,1.722,1.836,14426390.58,1.6975E+12,26873665.64,112199,7461002.18,13899486.37,0
10/17/2023,1.837,1.914,1.824,1.87,7738101.17,1.69759E+12,14449973.78,47321,4080198.44,7625402.35,0
10/18/2023,1.87,1.951,1.865,1.927,6691242.98,1.69767E+12,12715658.62,46137,3685975.67,7008068.092,0
10/19/2023,1.928,1.977,1.892,1.926,5886335.13,1.69776E+12,11395779.27,51935,2840433.44,5501382.777,0
10/20/2023,1.926,1.996,1.919,1.956,4822064.29,1.69785E+12,9465193.345,42285,2385643.8,4683760.541,0
10/21/2023,1.956,2.04,1.937,1.977,5671512.08,1.69793E+12,11239094.01,43032,2880140.04,5706441.802,0
10/22/2023,1.978,2.044,1.923,1.959,4961189.55,1.69802E+12,9838271.676,38767,2225012.11,4414748.949,0
10/23/2023,1.96,2.173,1.947,2.085,9501490.73,1.69811E+12,19366751.25,82634,4905017.24,10004395.88,0
10/24/2023,2.083,2.196,2.01,2.039,10474299.65,1.69819E+12,22133088.91,94924,5070547.2,10724256.84,0
10/25/2023,2.038,2.145,2.005,2.077,9015474.39,1.69828E+12,18677534.42,73049,4641257.17,9620716.319,0
10/26/2023,2.078,2.2,2.057,2.15,9797583.75,1.69836E+12,20942920.75,74491,4920312.58,10525618.07,0
10/27/2023,2.15,2.273,2.107,2.262,10556158.7,1.69845E+12,23349509.85,89947,5489426.6,12145675.61,0
10/28/2023,2.262,2.463,2.249,2.396,12409263.65,1.69854E+12,29574524.08,94645,6513964.88,15521144.92,0
10/29/2023,2.396,2.654,2.378,2.551,12726033.7,1.69862E+12,32582513.57,121932,6522799.72,16701913.82,0
10/30/2023,2.55,2.68,2.425,2.484,13200815.09,1.69871E+12,33867415.1,113541,6551766.59,16820025.47,0
10/31/2023,2.484,2.561,2.295,2.384,14526465.99,1.6988E+12,34890947.62,130348,7138710.75,17153215.93,0
11/1/2023,2.384,2.466,2.254,2.418,12744064.08,1.69888E+12,30015772.14,110133,6596691.2,15556412.46,0
11/2/2023,2.419,2.548,2.22,2.242,11267454.95,1.69897E+12,26781403.48,102944,5540454.36,13188331.03,0
11/3/2023,2.242,2.304,2.13,2.267,8599105.4,1.69906E+12,19062202.79,77730,4420270.84,9808585.805,0
11/4/2023,2.267,2.374,2.23,2.327,5621479.89,1.69914E+12,12931471.68,49389,2730386.13,6286383.276,0
11/5/2023,2.327,2.418,2.291,2.367,7867732.07,1.69923E+12,18479628.06,67533,3760460.58,8846680.156,0
11/6/2023,2.368,2.498,2.348,2.465,11665779.46,1.69932E+12,28354709.94,95773,5805268.2,14120366.51,0
11/7/2023,2.465,2.505,2.25,2.331,8916245.48,1.6994E+12,21099618.98,80829,4375232.26,10381131.79,0
11/8/2023,2.331,2.431,2.301,2.329,5994048.51,1.69949E+12,14185165.82,53191,2964333.57,7022442.669,0
11/9/2023,2.328,2.483,1.924,2.279,17292498.26,1.69957E+12,39812474.58,159799,8698066.69,20075317.7,0
11/10/2023,2.278,2.433,2.196,2.425,9677000.4,1.69966E+12,22216726.03,79847,4998621.21,11496532.33,0
11/11/2023,2.425,2.618,2.292,2.51,15598890.06,1.69975E+12,38361202.25,128955,7714567.43,18994769.54,0
11/12/2023,2.511,2.552,2.351,2.414,11305733.59,1.69983E+12,27748300.48,93735,5411920.91,13292684.32,0
11/13/2023,2.412,2.528,2.278,2.302,13210371.62,1.69992E+12,31596373.52,117367,6294322.55,15069202.72,0
11/14/2023,2.302,2.311,2.1,2.256,11988225.7,1.70001E+12,26901680.97,103080,6181065.2,13887105.57,0
11/15/2023,2.257,2.884,2.215,2.847,29909047.74,1.70009E+12,77562417.8,280710,15738006.46,40733208.31,0
11/16/2023,2.848,3.339,2.808,3.012,48676980.28,1.70018E+12,149801730.7,483905,24344988.67,74934885.06,0
11/17/2023,3.012,3.154,2.76,3.051,22761380.65,1.70027E+12,67485558.91,207780,11086190.24,32897519.69,0
11/18/2023,3.051,3.5,2.853,3.383,31064459.03,1.70035E+12,99777323.7,312749,15612858.21,50068195.08,0
11/19/2023,3.383,3.64,3.277,3.361,17940929.06,1.70044E+12,61607601,192178,8942498.55,30724584.83,0
11/20/2023,3.364,3.782,3.23,3.412,17504191.5,1.70052E+12,60982557.03,195161,8654908.62,30186249.14,0
11/21/2023,3.413,3.588,3.057,3.058,21380960.29,1.70061E+12,71428898.56,245697,10238623.67,34236715.37,0
11/22/2023,3.059,3.462,3.02,3.351,15527662.09,1.7007E+12,51029218.47,150257,7851736.92,25796110.89,0
11/23/2023,3.351,3.455,3.193,3.219,8062474.07,1.70078E+12,26723160.8,85177,3733667.35,12381440.13,0
11/24/2023,3.219,3.574,3.212,3.394,11668484.44,1.70087E+12,40110472.07,138412,5843323.83,20094739.92,0
11/25/2023,3.394,3.563,3.354,3.462,6702576.49,1.70096E+12,23059291.42,76719,3491760.57,12011463.18,0
11/26/2023,3.463,3.482,3.206,3.307,7145413.22,1.70104E+12,23813093.96,79746,3103614.04,10336863.87,0
11/27/2023,3.309,3.34,3.091,3.165,8039718.37,1.70113E+12,25623102.26,87120,3676236.28,11719137.5,0
11/28/2023,3.165,3.354,2.968,3.307,10544453.75,1.70122E+12,33806388.48,106211,5053280.29,16218185.21,0
11/29/2023,3.307,3.392,3.177,3.242,8766887.14,1.7013E+12,28658536.3,76044,4200763.47,13739332.1,0
11/30/2023,3.242,3.496,3.177,3.43,11278050.6,1.70139E+12,38220912.06,120956,5810804.48,19700955.49,0
12/1/2023,3.431,3.625,3.413,3.552,7895289.64,1.70148E+12,27928508.86,88222,3957434.55,14001555.68,0
12/2/2023,3.552,3.645,3.479,3.632,7022481.94,1.70156E+12,25035089.29,73926,3365764.95,12003862.97,0
12/3/2023,3.631,3.935,3.547,3.871,10757944.53,1.70165E+12,40094836.38,132936,5331385.78,19896533.52,0
12/4/2023,3.872,4.02,3.583,3.73,16446641.13,1.70173E+12,62509260.75,232479,8185922.58,31176199.92,0
12/5/2023,3.729,3.753,3.487,3.687,10768091.39,1.70182E+12,38696713.45,136439,4978680.9,17899411.21,0
12/6/2023,3.688,3.93,3.616,3.643,14194064.86,1.70191E+12,53895193.7,191942,7295146.14,27717495.99,0
12/7/2023,3.643,3.76,3.531,3.642,9703017.16,1.70199E+12,35181331.5,111113,4683698.68,16992827.23,0
12/8/2023,3.646,4.085,3.599,3.852,12156295.69,1.70208E+12,46607614.16,134390,6412037.76,24586475.17,0
12/9/2023,3.853,3.937,3.66,3.73,10304443.36,1.70217E+12,39250447.05,121873,4897023.33,18653281.28,0
12/10/2023,3.73,3.857,3.682,3.796,6533908.58,1.70225E+12,24711559.58,75272,3261676.32,12330916.74,0
12/11/2023,3.796,3.959,3.3,3.929,17393804.68,1.70234E+12,65385552.47,235064,8969790.08,33781691.95,0
12/12/2023,3.93,4.263,3.907,4.169,20036933.11,1.70243E+12,81321313.17,288820,10360698.18,42074875.26,0
12/13/2023,4.17,4.337,3.86,4.14,15854064.6,1.70251E+12,65038101.73,217056,7833719,32201439.28,0
12/14/2023,4.14,4.9,4.131,4.598,19362208.02,1.7026E+12,89161352.57,292910,10502976.92,48330227.16,0
12/15/2023,4.599,4.73,4.335,4.36,11083723.15,1.70268E+12,50606074.23,145508,5776350.97,26423586.94,0
12/16/2023,4.36,4.85,4.337,4.408,9697310.84,1.70277E+12,44165106.88,149391,5002632.5,22809751.05,0
12/17/2023,4.409,4.429,4.163,4.205,7920257.03,1.70286E+12,33964616.91,134501,3664723.5,15724968.36,0
12/18/2023,4.204,4.455,3.918,4.43,10889414.54,1.70294E+12,45749961.94,146254,5327548.91,22422259.42,0
12/19/2023,4.431,4.545,4.157,4.188,8055506.63,1.70303E+12,35060351.57,133503,3872571.02,16871499.93,0
12/20/2023,4.188,4.621,4.12,4.492,9211071.74,1.70312E+12,40553631.3,141520,4793060.39,21105905.33,0
12/21/2023,4.492,4.56,4.218,4.294,9099912.52,1.7032E+12,39673353.11,124996,4540540.02,19809714.99,0
12/22/2023,4.294,4.548,4.273,4.475,9587806.26,1.70329E+12,42354115.11,150066,4953711.4,21895658.57,0
12/23/2023,4.471,4.983,4.28,4.779,12634380.09,1.70338E+12,58764756.5,217032,6614681.42,30760833.35,0
12/24/2023,4.779,4.859,4.5,4.607,9401445.25,1.70346E+12,44292198.34,169695,4394094.84,20713213.2,0
12/25/2023,4.607,4.767,4.529,4.627,6894272.13,1.70355E+12,32080794.49,121071,3185174.13,14828509.38,0
12/26/2023,4.63,5.28,4.561,5.174,19958440.35,1.70364E+12,97589717.59,374333,10197358.98,49954665.66,0
12/27/2023,5.175,5.277,4.846,4.993,11984626.96,1.70372E+12,60223922.51,206193,5817607.17,29241734.82,0
12/28/2023,4.993,5.022,4.503,4.557,10687590.57,1.70381E+12,50600020.56,201576,4789442.7,22689750.95,0
12/29/2023,4.557,4.794,4.42,4.607,9533971.01,1.70389E+12,43744860.06,189624,4421142.07,20304388.56,0
12/30/2023,4.606,4.77,4.479,4.548,5078921.91,1.70398E+12,23349685.42,99217,2469213.78,11356787.67,0
12/31/2023,4.549,4.667,4.36,4.471,5296828.28,1.70407E+12,24195055.12,90668,2592958.96,11851450.21,0
1/1/2024,4.471,4.821,4.428,4.74,6291575.1,1.70415E+12,29233335.05,108047,3293531.51,15314960.13,0
1/2/2024,4.741,5.076,4.63,4.655,8296166.87,1.70424E+12,40369227.4,168029,3913763.2,19057044.46,0
1/3/2024,4.655,4.78,3.6,4.423,13232081.91,1.70433E+12,58523644.39,297431,6293988.66,27879025.3,0
1/4/2024,4.423,4.718,4.317,4.375,7134756.07,1.70441E+12,31889793.09,129742,3388345.76,15153359.45,0
1/5/2024,4.376,4.413,3.865,4.012,11691102.5,1.7045E+12,47934777.04,183599,5327156.6,21793035.04,0
1/6/2024,4.012,4.014,3.687,3.815,7225491.71,1.70459E+12,27607674.29,117195,3318669.83,12673507.93,0
1/7/2024,3.815,3.876,3.566,3.635,6197419.33,1.70467E+12,23279704.2,91523,2759954.06,10385457.02,0
1/8/2024,3.636,4.136,3.367,4.058,16230809.17,1.70476E+12,61529452.81,276895,7856342.66,29820511.94,0
1/9/2024,4.058,4.184,3.739,3.86,12310597.7,1.70484E+12,48527579.09,222819,5876482.64,23167111.77,0
1/10/2024,3.86,4.366,3.661,4.234,11327466.73,1.70493E+12,44660646.85,205090,5702955.38,22530764.48,0
1/11/2024,4.238,4.398,4.012,4.069,11310773.88,1.70502E+12,47385619.33,194210,5360190.11,22495209.43,0
1/12/2024,4.071,4.086,3.667,3.828,10295606.41,1.7051E+12,40437012.93,181079,4824693.16,18957820.3,0
1/13/2024,3.829,3.931,3.688,3.892,4111962.51,1.70519E+12,15858106.48,71829,2093884.83,8078446.215,0
1/14/2024,3.892,3.94,3.761,3.764,4741356.85,1.70528E+12,18326722.59,67046,2368833.34,9166020.839,0
1/15/2024,3.765,3.901,3.712,3.765,4208997.91,1.70536E+12,16096341.35,59391,2094886.3,8014760.628,0
1/16/2024,3.764,4.081,3.711,3.975,7205210.48,1.70545E+12,28066136.8,88202,3747446.69,14592912.61,0
1/17/2024,3.977,4.367,3.968,4.196,13765570.86,1.70554E+12,57840127.87,201267,7083502.82,29762500.56,0
1/18/2024,4.198,4.376,3.95,4.322,12157246.03,1.70562E+12,50598666,194703,6126939.67,25536504.05,0
1/19/2024,4.323,4.345,3.801,4.127,14097810.62,1.70571E+12,57938977.65,221261,6647233.86,27325635.98,0
1/20/2024,4.126,4.159,3.909,4.004,4995906.84,1.7058E+12,20095443.71,75005,2423270.37,9752224.72,0
1/21/2024,4.005,4.073,3.929,3.976,3720325.09,1.70588E+12,14883863.1,61616,1878673.26,7518405.222,0
1/22/2024,3.976,4.005,3.72,3.752,5431104.53,1.70597E+12,20868911.35,106051,2486394.37,9555154.737,0
1/23/2024,3.752,3.91,3.511,3.749,8605188.17,1.70605E+12,31589030.99,157348,4250211.66,15617523.42,0
1/24/2024,3.749,3.898,3.648,3.861,5246557.53,1.70614E+12,19846896.8,94858,2551421.83,9660191.362,0
1/25/2024,3.861,3.91,3.66,3.714,4774441.3,1.70623E+12,18061919.64,85395,2338741.05,8843638.238,0
1/26/2024,3.714,4.032,3.658,3.921,5837367.51,1.70631E+12,22699450.48,97171,2953355.33,11494007.86,0
1/27/2024,3.923,4.1,3.877,4.083,4195485.81,1.7064E+12,16608776.78,62891,2193942.64,8697699.846,0
1/28/2024,4.084,4.277,3.932,3.971,7534606.76,1.70649E+12,31058915.44,124882,3606044.93,14879525.12,0
1/29/2024,3.974,4.366,3.942,4.285,7682159.5,1.70657E+12,31888160.25,132642,3908441.84,16232043.97,0
1/30/2024,4.285,4.847,4.248,4.603,16300111.1,1.70666E+12,74361403.96,270549,8757013.91,39960267.89,0
1/31/2024,4.604,4.738,4.281,4.323,13709897.65,1.70675E+12,62045140.38,237098,6745209.15,30545885.8,0
2/1/2024,4.322,4.834,4.255,4.593,13816920.43,1.70683E+12,63681508.62,246102,6869812.59,31678185.89,0
2/2/2024,4.594,4.776,4.53,4.59,7665597.14,1.70692E+12,35620417.96,140772,3934045.68,18283129.09,0
2/3/2024,4.59,5.02,4.577,4.722,9709811.21,1.707E+12,47067052.88,178866,5071343.09,24600137.81,0
2/4/2024,4.724,5,4.597,4.646,10319530.69,1.70709E+12,49549342.64,167611,5216665.44,25067775.13,0
2/5/2024,4.646,4.67,4.304,4.406,11356531.89,1.70718E+12,50800267.81,186708,5365674.93,23999266.55,0
2/6/2024,4.406,4.501,4.262,4.265,5192867.71,1.70726E+12,22787976.8,94976,2551070.95,11201270.33,0
2/7/2024,4.266,4.6,4.251,4.471,4997360.17,1.70735E+12,21971883.58,88537,2808093,12351303.24,0
2/8/2024,4.472,4.58,4.392,4.436,4727703.16,1.70744E+12,21214354.82,84564,2290541.86,10277453.72,0
2/9/2024,4.437,4.737,4.437,4.706,6425344.58,1.70752E+12,29600274.09,114487,3324963.96,15322663.71,0
2/10/2024,4.704,4.817,4.585,4.657,5275559.24,1.70761E+12,24885527.11,93477,2804564.58,13243347.6,0
2/11/2024,4.657,4.794,4.575,4.617,3915449.38,1.7077E+12,18328046.58,72317,1841927.27,8630296.516,0
2/12/2024,4.618,4.806,4.443,4.802,5871227.58,1.70778E+12,27270891.45,107453,2918691.31,13573189.21,0
2/13/2024,4.802,5.157,4.733,4.9,13710421.52,1.70787E+12,68108215.83,252498,7569243.08,37616219.29,0
2/14/2024,4.9,5.104,4.83,5.006,9456261.45,1.70796E+12,47132699.4,169604,4968476.88,24764088.04,0
2/15/2024,5.004,5.359,4.8,5.293,12674112.25,1.70804E+12,63807704.45,238485,6495812.31,32732345.04,0
2/16/2024,5.292,5.708,5.19,5.289,16608399.98,1.70813E+12,90164836.85,332458,8980348.47,48801254.45,0
2/17/2024,5.289,5.75,5.05,5.673,12074975.06,1.70821E+12,64685414.67,232312,6279956.29,33748009.83,0
2/18/2024,5.673,5.9,5.5,5.869,11191455.8,1.7083E+12,63367752.61,230540,5665227.46,32120698.28,0
2/19/2024,5.869,6.41,5.843,6.315,14437147.05,1.70839E+12,88861063.87,342112,7528332.25,46330647.31,0
2/20/2024,6.313,6.505,5.75,6.47,13048039.3,1.70847E+12,80024910.48,314223,6616832.5,40633473.83,0
2/21/2024,6.471,7,5.9,6.921,16187610.57,1.70856E+12,103556415.6,424104,8182073.39,52516892.08,0
2/22/2024,6.921,7.859,6.744,7.392,20617339.75,1.70865E+12,151636043.8,609854,10650652.7,78351425.77,0
2/23/2024,7.391,8.133,7.128,7.362,17352898.71,1.70873E+12,132080200.3,599565,9017259.45,68724164.06,0
2/24/2024,7.362,7.585,6.874,7.226,12806961.86,1.70882E+12,91744187.02,318041,6275482.71,44990719.62,0
2/25/2024,7.226,7.756,7.125,7.215,9973759.81,1.70891E+12,74092190.21,301287,4700950.52,34957147.96,0
2/26/2024,7.214,7.68,7.046,7.589,10303714.43,1.70899E+12,75569277.05,316952,5161887.8,37887213.84,0
2/27/2024,7.588,7.644,7.07,7.181,9722470.98,1.70908E+12,71735766.99,253138,4672542.53,34502144.98,0
2/28/2024,7.181,8.071,6.822,8.002,20179290.74,1.70916E+12,151560555.5,628596,10688462.16,80383264.82,0
2/29/2024,8.002,8.286,7.253,7.528,12602700.75,1.70925E+12,97653415.03,395897,6244511.16,48443715.57,0
3/1/2024,7.528,8.24,7.414,7.842,14330809.13,1.70934E+12,111498843.7,405725,7456828.27,58105047.17,0
3/2/2024,7.841,7.979,7.504,7.651,8780653.01,1.70942E+12,67187808.48,225079,4317943.18,33053846.58,0
3/3/2024,7.651,8.069,7.197,7.558,10860042.49,1.70951E+12,83671019.69,331792,5360289.51,41360204.69,0
3/4/2024,7.557,7.673,7.147,7.375,11291180.41,1.7096E+12,84056441.88,285096,5473479.88,40773810.08,0
3/5/2024,7.374,7.46,5.87,6.896,18087116.77,1.70968E+12,125641878.5,568178,8635751.86,60056522.53,0
3/6/2024,6.892,9.769,6.583,9.304,34929800.37,1.70977E+12,292195008.2,1032637,18560348.28,155253296.7,0
3/7/2024,9.304,10.784,9.2,9.973,26319366.31,1.70986E+12,260475267.6,957100,13723377.15,135897084.1,0
3/8/2024,9.976,11,9.22,10.45,17900120.88,1.70994E+12,180032365.1,678340,9036882.33,91077458.01,0
3/9/2024,10.452,12.727,10.289,12.401,22047435.36,1.71003E+12,255197999.7,858413,11411218.98,132128636,0
3/10/2024,12.398,12.525,11.131,11.37,13021564.11,1.71012E+12,153214272,496495,6160320.77,72539096.34,0
3/11/2024,11.368,12.78,10.779,11.478,16399100.02,1.7102E+12,194436802,661256,8268144.76,98172197.31,0
3/12/2024,11.478,11.753,10.55,11.399,13603035.09,1.71029E+12,153291433.2,524199,6699305.69,75609872.5,0
3/13/2024,11.399,11.785,11.018,11.34,8980979.59,1.71037E+12,101957474.2,328694,4434125.13,50380584.84,0
3/14/2024,11.34,11.937,10.615,11.838,12809446.45,1.71046E+12,143930437.4,620335,6503381.9,73137945.27,0
3/15/2024,11.838,11.968,9.9,11.074,16077018.78,1.71055E+12,174694650.4,819182,7653085.78,83235507.93,0
3/16/2024,11.073,11.9,9.924,10.288,13822751.39,1.71063E+12,150799278.1,678570,6624779.9,72533340.67,0
3/17/2024,10.29,13.838,10.162,13.144,28047635.39,1.71072E+12,340874380.9,1368041,14153200.07,171946233.1,0
3/18/2024,13.143,13.5,11.406,11.759,19780472.57,1.71081E+12,246249407.6,977613,9505383.28,118535344.1,0
3/19/2024,11.758,11.889,10.3,10.683,22198409.21,1.71089E+12,244086030.4,1025611,10757045.24,118368489.3,0
3/20/2024,10.681,12.328,10.429,11.7,18308635.29,1.71098E+12,207910056.4,920925,9286131.1,105492769.9,0
3/21/2024,11.699,11.712,10.661,10.757,13817635.31,1.71107E+12,152910450.2,452236,6694827.53,74069134.92,0
3/22/2024,10.757,11.406,10.327,10.696,11316103.19,1.71115E+12,121971308.4,391091,5481756.91,59130119.44,0
3/23/2024,10.697,11.048,10.44,10.664,5166749.32,1.71124E+12,55753904.82,224322,2546314.23,27492197.78,0
3/24/2024,10.661,11.108,10.434,10.927,4286096.56,1.71132E+12,45991769.73,172765,2076225.13,22308478.9,0
3/25/2024,10.927,11.378,10.791,11.041,7719231.21,1.71141E+12,85496379.76,281350,3826390.15,42392268.57,0
3/26/2024,11.043,11.743,10.832,11.111,8120405.49,1.7115E+12,91671546.32,311172,3991828.72,45104285.58,0
3/27/2024,11.109,12.03,10.636,11.227,13944549.97,1.71158E+12,157510830.3,568106,7165029.58,81058273.26,0
3/28/2024,11.227,11.731,10.903,11.174,8197293.41,1.71167E+12,92735013.32,316437,4095748.89,46347206.83,0
3/29/2024,11.172,11.218,10.807,10.951,6316865.2,1.71176E+12,69382875.57,186181,3009391.79,33060426.34,0
3/30/2024,10.95,11.048,10.641,10.672,5018058.7,1.71184E+12,54752195.49,141641,2379831.97,25993486.4,0
3/31/2024,10.673,10.91,10.431,10.654,4622972.08,1.71193E+12,49235715.02,148592,2146652.95,22862907.59,0
4/1/2024,10.653,10.696,9.669,10.076,7636261.33,1.71202E+12,77197477.45,265855,3552170.35,35864484.21,0
4/2/2024,10.076,10.076,9.062,9.443,9599021.15,1.7121E+12,90786024.16,312794,4502724.39,42575384.73,0
4/3/2024,9.442,9.897,9.105,9.356,7421152.06,1.71219E+12,70856815.48,239953,3581228.96,34226027.82,0
4/4/2024,9.355,9.899,9.207,9.607,5909698.45,1.71228E+12,56765772.46,184078,2941728.76,28292002.48,0
4/5/2024,9.608,9.651,8.76,9.227,6091706.3,1.71236E+12,55804248.65,184787,3131428.76,28690784.5,0
4/6/2024,9.229,9.703,9.15,9.541,3191566.4,1.71245E+12,30253929.15,104997,1525268.74,14463421.87,0
4/7/2024,9.542,9.875,9.499,9.764,3070347,1.71253E+12,29756255.29,113150,1483256.86,14376333.72,0
4/8/2024,9.763,10.398,9.496,10.31,4746292.7,1.71262E+12,47554375.96,176731,2308791.05,23131849.63,0
4/9/2024,10.311,10.543,9.301,9.415,6344685,1.71271E+12,62416145.36,223836,2899851.93,28466989.89,0
4/10/2024,9.411,9.469,8.774,9.228,4906578.75,1.71279E+12,44889034.01,174634,2293171.92,20991317.82,0
4/11/2024,9.228,9.437,8.8,9.028,4584909.11,1.71288E+12,41689461.56,167323,2333368.52,21238023.34,0
4/12/2024,9.029,9.237,6.628,8.185,14095389.86,1.71297E+12,112516649.2,652153,6806762.69,54215320.26,0
4/13/2024,8.184,8.356,6.268,7.48,17080078.18,1.71305E+12,126032976.2,830846,8254908.43,61004081.37,0
4/14/2024,7.479,9.011,7.129,8.975,13938766.31,1.71314E+12,109798064.1,722004,7044683.02,55580255.54,0
4/15/2024,8.975,9.479,8.008,8.28,14257058.83,1.71323E+12,125838218.8,677163,7111637.53,62845126.69,0
4/16/2024,8.281,8.605,7.742,8.278,10467711.22,1.71331E+12,85629458.74,445036,5236179.64,42879974.25,0
4/17/2024,8.279,8.328,7.438,7.657,11684062.95,1.7134E+12,91567935.43,376216,4950324.52,38758511.95,0
4/18/2024,7.656,8.102,7.445,7.893,6313321.83,1.71348E+12,49369160.92,249409,2999853.04,23462193.61,0
4/19/2024,7.894,8.287,7.121,7.906,8947047.07,1.71357E+12,70275527.82,347904,4351430.56,34186347.12,0
4/20/2024,7.905,9.069,7.782,8.982,5145513.08,1.71366E+12,43150726.07,193351,2637100.54,22128726.58,0
4/21/2024,8.98,9.277,8.659,9.091,5064431.69,1.71374E+12,45460560.94,220742,2581535.73,23194628.24,0
4/22/2024,9.091,9.458,8.948,9.274,6050472.13,1.71383E+12,55883343.12,232173,3098231.92,28624166.85,0
4/23/2024,9.275,9.747,8.87,8.98,6623991.04,1.71392E+12,61103004.43,242469,3453707.86,31874540.49,0
4/24/2024,8.98,9.355,8.343,8.483,7379497.85,1.714E+12,65567302.15,288793,3737401.46,33260521.81,0
4/25/2024,8.483,8.872,8.227,8.618,5632451.9,1.71409E+12,47863021.3,204368,2828183.14,24045618.48,0
4/26/2024,8.616,8.693,8.06,8.135,4736188.51,1.71418E+12,39624814.95,183689,2246395.83,18798532.57,0
4/27/2024,8.134,8.237,7.751,8.071,4608452.42,1.71426E+12,36817612.36,151261,2068791.43,16539527.73,0
4/28/2024,8.072,8.492,7.874,7.965,3697963.87,1.71435E+12,30290726.71,122766,1778726.02,14585109.76,0
4/29/2024,7.965,8.1,7.577,7.885,4804107.94,1.71444E+12,37427215.07,154567,2156789.09,16806931.73,0
4/30/2024,7.886,8,6.987,7.339,7119578.24,1.71452E+12,52340935.36,232164,3569714.15,26221221.7,0
5/1/2024,7.337,7.871,6.859,7.663,8934394.28,1.71461E+12,65111233.64,309094,4340066.99,31651310.81,0
5/2/2024,7.663,7.948,7.312,7.823,5502598.45,1.71469E+12,42169597.37,160535,2897226.25,22221681.98,0
5/3/2024,7.823,8.386,7.624,8.241,5757297.77,1.71478E+12,46217119.08,170911,3060985.71,24587954.94,0
5/4/2024,8.241,9.1,8.228,8.958,6003436.43,1.71487E+12,52236496.22,194298,3219069.58,27989496.05,0
5/5/2024,8.958,10,8.77,9.869,11339121.31,1.71495E+12,106881197.1,359250,5938941.02,55989257.86,0
5/6/2024,9.869,10.27,9.586,9.947,13230245.28,1.71504E+12,131306201.3,389928,6578289.41,65350972.3,0
5/7/2024,9.947,10.861,9.947,10.289,17203529.79,1.71513E+12,180904452.9,492385,8821192.1,92764139.59,0
5/8/2024,10.288,10.558,9.417,9.893,13727204.11,1.71521E+12,137938680.3,448077,6653856.94,66871546.43,0
5/9/2024,9.891,11.385,9.882,10.837,18680887.92,1.7153E+12,199909466.3,603540,9846653.9,105353091.1,0
5/10/2024,10.836,11.586,10.718,10.95,15914392.27,1.71539E+12,177084043.1,520853,8081970.36,90005376.24,0
5/11/2024,10.951,11.295,10.633,10.959,7878765.05,1.71547E+12,86036977.5,280639,3863373.13,42202946.88,0
5/12/2024,10.959,11.099,10.765,10.821,5613827.57,1.71556E+12,61486227.23,184560,2749235.7,30123152.13,0
5/13/2024,10.82,11.489,10.27,11.255,14593937.58,1.71564E+12,160439488.9,472345,7570919.84,83291571.56,0
5/14/2024,11.255,11.4,9.811,10.036,15822681.53,1.71573E+12,164925062.9,476242,7622378.28,79471393.35,0
5/15/2024,10.039,11.141,9.764,10.638,15545716.66,1.71582E+12,163916458.4,532394,8058019.89,84986521.65,0
5/16/2024,10.637,10.793,9.827,10.044,9875994.19,1.7159E+12,101399999.2,295674,4766989.79,48953922.66,0
5/17/2024,10.045,10.376,9.908,10.077,7083779.16,1.71599E+12,71652958.3,199373,3647760.92,36919568.99,0
5/18/2024,10.077,10.368,9.809,10.331,4370725.71,1.71608E+12,44001463.94,138442,2141129.3,21568889.05,0
5/19/2024,10.332,10.648,10.011,10.05,7061471.52,1.71616E+12,73002593.11,222157,3522791.23,36429554.62,0
5/20/2024,10.049,10.921,9.803,10.872,9492734.72,1.71625E+12,98911356.63,340573,4922721.93,51380863.65,0
5/21/2024,10.872,11.27,10.599,11.194,10270252.89,1.71634E+12,112865456.5,340156,5246763.21,57700408.27,0
5/22/2024,11.197,11.888,10.622,10.655,16458915.4,1.71642E+12,185100239,749300,8347753.62,93978884.66,0
5/23/2024,10.655,10.8,9.78,10.235,13519376.25,1.71651E+12,140002363.5,479754,6459247.04,66915822.24,0
5/24/2024,10.234,10.342,9.75,10.11,5285923.03,1.7166E+12,53263420.9,196654,2414735.79,24355404.98,0
5/25/2024,10.11,10.449,10.029,10.077,3818263.45,1.71668E+12,38974633.94,125499,1888005.29,19281351.58,0
5/26/2024,10.079,10.179,9.864,9.988,3195301.24,1.71677E+12,32027972.07,109498,1484053.66,14882037.05,0
5/27/2024,9.988,10.381,9.972,10.163,4418617.43,1.71685E+12,44973031.12,154916,2182970.46,22221516.33,0
5/28/2024,10.164,10.261,9.879,10.22,5645290.01,1.71694E+12,56606670.26,188743,2731762.56,27409342.67,0
